Date,LogPNL,NAV,Drawdown,ExpCut
2010-01-04,0.0,100000.0,0.0,1.0
2010-01-05,0.0,100000.0,0.0,1.0
2010-01-06,0.0,100000.0,0.0,1.0
2010-01-07,0.0,100000.0,0.0,1.0
2010-01-08,0.0,100000.0,0.0,1.0
2010-01-11,0.0,100000.0,0.0,1.0
2010-01-12,0.0,100000.0,0.0,1.0
2010-01-13,0.0,100000.0,0.0,1.0
2010-01-14,0.0,100000.0,0.0,1.0
2010-01-15,0.0,100000.0,0.0,1.0
2010-01-19,0.0,100000.0,0.0,1.0
2010-01-20,0.0,100000.0,0.0,1.0
2010-01-21,0.0,100000.0,0.0,1.0
2010-01-22,0.0,100000.0,0.0,1.0
2010-01-25,0.0,100000.0,0.0,1.0
2010-01-26,0.0,100000.0,0.0,1.0
2010-01-27,0.0,100000.0,0.0,1.0
2010-01-28,0.0,100000.0,0.0,1.0
2010-01-29,0.0,100000.0,0.0,1.0
2010-02-01,0.0,100000.0,0.0,1.0
2010-02-02,0.0,100000.0,0.0,1.0
2010-02-03,0.00012314604134022744,100012.31536241253,0.0,1.0
2010-02-04,-0.02781016697748484,97269.27516325473,-0.02742702425414212,0.5
2010-02-05,-0.0015740945812123819,97116.28456672595,-0.028956741829166632,0.5
2010-02-08,-0.002749925806934783,96849.58885429817,-0.03162337054845343,0.5
2010-02-09,0.004375940256499344,97274.32550232126,-0.02737652708238658,0.5
2010-02-10,0.0015299666233032916,97423.26588149538,-0.02588730669353334,0.5
2010-02-11,0.0043365551677161385,97846.66463110136,-0.02165384056416997,0.5
2010-02-12,0.0021415306142111845,98056.43078906357,-0.01955643728736267,0.5
2010-02-16,0.005308481466937298,98578.34559653442,-0.01433793189050625,0.5
2010-02-17,0.008160246175075603,99386.06025725661,-0.0062617798906721145,1.0
2010-02-18,0.013846455962192472,100771.77645345138,0.0,1.0
2010-02-19,0.0020830086518719426,100981.90370813597,0.0,1.0
2010-02-22,0.0034669081241931465,101332.60626600076,0.0,1.0
2010-02-23,-0.00628813406426687,100697.41243768882,-0.006268405123663112,0.5
2010-02-24,0.0020326416214104803,100902.3023527184,-0.004246450665176815,1.0
2010-02-25,0.0027610757034093325,101181.28621871256,-0.001493300654786145,1.0
2010-02-26,0.00711580501411202,101903.84025046788,0.0,1.0
2010-03-01,0.007068188647196827,102626.66734704604,0.0,1.0
2010-03-02,0.00195716971534754,102827.72183706575,0.0,1.0
2010-03-03,-0.0006079569829768872,102765.22600484504,-0.0006077722145758635,1.0
2010-03-04,0.00031441849719282544,102797.54237293485,-0.00029349540757805936,1.0
2010-03-05,0.010279181048540309,103859.6664530647,0.0,1.0
2010-03-08,0.0047249557441499945,104351.5599530317,0.0,1.0
2010-03-09,-0.0019599488729502568,104147.23652785191,-0.001958029427367891,1.0
2010-03-10,0.0026460281789546514,104423.17796387308,0.0,1.0
2010-03-11,-0.0014562878760298048,104271.2184310964,-0.0014552280033964804,1.0
2010-03-12,0.0008503342770946887,104359.9215305409,-0.0006057700461296056,1.0
2010-03-15,0.0026183574585347813,104633.531157038,0.0,1.0
2010-03-16,0.0020516503668650543,104848.42294565309,0.0,1.0
2010-03-17,0.011847566950045518,106098.0093187506,0.0,1.0
2010-03-18,0.004970803435522697,106626.71462440638,0.0,1.0
2010-03-19,-0.004098949270550989,106190.55164591504,-0.004090560044241465,1.0
2010-03-22,0.003468427140973951,106559.50531193765,-0.0006303233922705376,1.0
2010-03-23,0.007774381689761967,107391.1682224821,0.0,1.0
2010-03-24,-0.005370161558202469,106816.00603836904,-0.005355768017361484,1.0
2010-03-25,0.00023184434288303635,106840.77359609654,-0.0051251386449704395,1.0
2010-03-26,0.0018242055943851199,107035.85100955644,-0.0033086260146601987,1.0
2010-03-29,0.0033098456994800074,107390.71010117071,-4.2659123554722456e-06,1.0
2010-03-30,0.005414666262416823,107973.77207450391,0.0,1.0
2010-03-31,0.002389346628905109,108232.06729834802,0.0,1.0
2010-04-01,0.0026273728805401575,108516.80719191096,0.0,1.0
2010-04-05,0.005760430700299857,109143.714634465,0.0,1.0
2010-04-06,0.009248689885370531,110157.83341026898,0.0,1.0
2010-04-07,-0.004194810746916744,109696.70998574821,-0.00418602481771202,1.0
2010-04-08,0.005371247055955486,110287.50334447197,0.0,1.0
2010-04-09,0.003816192430437404,110709.18577880591,0.0,1.0
2010-04-12,0.0011036590485176134,110831.43842365425,0.0,1.0
2010-04-13,-0.0011582386689585888,110703.1434783615,-0.0011575681694425688,1.0
2010-04-14,0.006818179650721845,111460.51641684161,0.0,1.0
2010-04-15,0.0006665485168273477,111534.83502447132,0.0,1.0
2010-04-16,-0.007190672428945888,110735.70115963464,-0.007164881399262857,1.0
2010-04-19,0.0015824784160693994,110911.07674404807,-0.005592497449665834,1.0
2010-04-20,0.02027528911377985,113182.7828177313,0.0,1.0
2010-04-21,0.00299469299661137,113522.2385339087,0.0,1.0
2010-04-22,0.0035690209395005112,113928.12565931396,0.0,1.0
2010-04-23,0.003479926099858588,114325.27774647185,0.0,1.0
2010-04-26,-0.0032029751397875117,113959.6825327459,-0.0031978510871122356,1.0
2010-04-27,-0.027191824821750643,110902.66214983433,-0.029937522690542062,0.5
2010-04-28,0.001212876435225052,111037.25498109667,-0.028760242968022487,0.5
2010-04-29,0.003277206189283177,111401.74388679063,-0.02557206872625717,0.5
2010-04-30,-0.009864438313798907,110308.23057070271,-0.035136999051752715,0.5
2010-05-03,0.0013980251428429291,110462.55209805594,-0.03378715297750612,0.5
2010-05-04,-0.006167072388212791,109783.41783062056,-0.03972752137915936,0.5
2010-05-05,-0.0008025937275761841,109695.34169748172,-0.04049792084701942,0.5
2010-05-06,-0.010899499728166173,108506.20959527606,-0.050899226014566756,0.5
2010-05-07,-0.007307818532706456,107716.15620529627,-0.057809800872139494,0.5
2010-05-10,0.01307297302382393,109133.57133788784,-0.04541171043640202,0.5
2010-05-11,-0.0006214317334021224,109065.773341574,-0.046004737609834256,0.5
2010-05-12,0.003420915376425082,109439.5170309238,-0.04273561203483567,0.5
2010-05-13,-0.0033843228858785324,109069.76440287492,-0.04596982790850135,0.5
2010-05-14,-0.0109712042669039,107879.67801595973,-0.05637948017765515,0.5
2010-05-17,0.0006732324091491826,107952.33056476979,-0.055743990369607865,0.5
2010-05-18,-0.007918571861461832,107100.87787135401,-0.06319162321336058,0.5
2010-05-19,-0.0026344281735459774,106819.09962651835,-0.06565632962291357,0.5
2010-05-20,-0.00984061496880928,105773.08913014382,-0.074805754115843,0.5
2010-05-21,0.0019434390011627833,105978.85255640336,-0.0730059471937392,0.5
2010-05-24,0.000434010680906205,106024.85849317485,-0.07260353455430957,0.5
2010-05-25,0.002047624696603023,106242.1800324232,-0.07070262914185743,0.5
2010-05-26,0.0013167188255356344,106382.16324998211,-0.06947819986149006,0.5
2010-05-27,0.012606778225494164,107731.7889303262,-0.05767306186447574,0.5
2010-05-28,-0.001158463030881407,107607.05789769422,-0.0587640807107942,0.5
2010-06-01,-0.003973538793603293,107180.32545909529,-0.06249669739024155,0.5
2010-06-02,0.008739581177301226,108121.14179611954,-0.054267403260638725,0.5
2010-06-03,-0.0006360228182957783,108052.3961470152,-0.054868719526467435,0.5
2010-06-04,-0.006997203795808371,107298.97052090267,-0.061458912360140894,0.5
2010-06-07,-0.0032991058166631504,106945.5631478386,-0.06455015674659925,0.5
2010-06-08,0.008471269606434184,107855.37604077237,-0.05659204887345348,0.5
2010-06-09,0.0012294332797266883,107988.05857492337,-0.05543147846622265,0.5
2010-06-10,0.007167833855522332,108764.87977386666,-0.048636645212758234,0.5
2010-06-11,0.003515012014557062,109147.86233285951,-0.04528670750395025,0.5
2010-06-14,0.0027220162775778434,109445.36931652352,-0.04268442225672997,0.5
2010-06-15,0.00593034230184486,110096.34616986064,-0.03699034596696371,0.5
2010-06-16,0.004580572990710241,110601.80728648788,-0.03256909174750622,0.5
2010-06-17,0.001977963372150615,110820.79010880046,-0.03065365513865581,0.5
2010-06-18,0.0006852331210311924,110896.75420826794,-0.02998919928982824,0.5
2010-06-21,-0.000575274733136677,110832.97645420917,-0.030547061516939644,0.5
2010-06-22,-0.005670997576100678,110206.22175528738,-0.03602926730096301,0.5
2010-06-23,-0.0004909580505958466,110152.12840336072,-0.03650242033407103,0.5
2010-06-24,-0.0055847062372089695,109538.67569581668,-0.041868273972357706,0.5
2010-06-25,0.007051697485183972,110313.83919683266,-0.03508794055619946,0.5
2010-06-28,-0.0008338519624735419,110221.89212598075,-0.035892199007736325,0.5
2010-06-29,-0.006179877918588428,109542.83469584466,-0.04183189531568643,0.5
2010-06-30,-0.0005951996819320016,109477.65423509477,-0.04240202697890827,0.5
2010-07-01,0.002937628450925267,109799.73174732976,-0.03958482400697039,0.5
2010-07-02,0.0037189672612187863,110208.83360167584,-0.036006421553811174,0.5
2010-07-06,0.009156753363735337,111222.62313631937,-0.0271388329100144,0.5
2010-07-07,0.0050450010665987755,111785.15919303491,-0.02221834578937054,1.0
2010-07-08,0.0015640328990480512,111960.13165531376,-0.020687866566159174,1.0
2010-07-09,0.00040923442611973115,112005.95897195824,-0.020287016311973827,1.0
2010-07-12,0.008905739418306524,113007.90979007365,-0.011522980589818488,1.0
2010-07-13,-0.004080574300719952,112547.712191419,-0.01554831608627083,1.0
2010-07-14,-0.005653542878288675,111913.21414565906,-0.02109825270804755,1.0
2010-07-15,0.0030111132390944206,112250.70536354263,-0.01814622648483566,1.0
2010-07-16,-0.0024033709099118283,111981.2492148919,-0.020503151864437852,1.0
2010-07-19,0.002557814436380923,112268.04309714351,-0.01799457381499192,1.0
2010-07-20,0.01753137558841633,114253.61033481949,-0.0006268728409415392,1.0
2010-07-21,-0.003793496015505049,113821.01077040019,-0.004410809105488744,1.0
2010-07-22,0.009266066391933947,114880.58527560842,0.0,1.0
2010-07-23,0.006496170150858127,115629.29835538252,0.0,1.0
2010-07-26,0.005910411886208777,116314.73875695335,0.0,1.0
2010-07-27,-0.001640382211420821,116124.0945360144,-0.001639037519890807,1.0
2010-07-28,-0.010254588568599843,114939.37451358713,-0.011824505286816,1.0
2010-07-29,0.002205361683862428,115193.13712242327,-0.009642816091206874,1.0
2010-07-30,0.0015410503065460546,115370.79239439494,-0.00811544927707597,1.0
2010-08-02,0.01401647126076444,116999.26988328113,0.0,1.0
2010-08-03,-0.0018571816423262888,116782.18263471147,-0.0018554581476125653,1.0
2010-08-04,0.0034535269755675557,117186.1902768065,0.0,1.0
2010-08-05,-0.0002429714508673797,117157.72083690394,-0.00024294193569496247,1.0
2010-08-06,0.0020385058235339315,117396.79112339941,0.0,1.0
2010-08-09,0.005556386001804192,118050.90859192397,0.0,1.0
2010-08-10,0.001475907487211714,118225.2694503843,0.0,1.0
2010-08-11,-0.017032008356326678,116228.70667500638,-0.016887783674841228,1.0
2010-08-12,-0.004611962794490054,115693.89841003592,-0.021411421197147007,0.5
2010-08-13,-0.00023222663834276958,115667.03432433028,-0.02163864914791025,0.5
2010-08-16,0.0012260528918495162,115808.93519746768,-0.02043839074463416,1.0
2010-08-17,0.0130919351755443,117335.06647769414,-0.0075297182812829044,1.0
2010-08-18,0.011117644403083382,118646.83439603078,0.0,1.0
2010-08-19,-0.005068459901324651,118046.99907821447,-0.005055636931821761,1.0
2010-08-20,0.002958319299168899,118396.73685674119,-0.002107915820617645,1.0
2010-08-23,0.01348320423453675,120003.91484678008,0.0,1.0
2010-08-24,-0.0011352366038126505,119867.75930904302,-0.001134592466511708,1.0
2010-08-25,0.0006094425683746962,119940.83408932072,-0.0005256558299777669,1.0
2010-08-26,0.0003645058690704417,119984.5611961969,-0.0001612751601304252,1.0
2010-08-27,0.014360595220397343,121720.0423583642,0.0,1.0
2010-08-30,-0.004829636700306672,121133.5960757955,-0.004817992757857437,1.0
2010-08-31,0.0076506029463487835,122063.89526001106,0.0,1.0
2010-09-01,0.012338967030741443,123579.36809642406,0.0,1.0
2010-09-02,0.0036825935453288494,124035.299669787,0.0,1.0
2010-09-03,0.01533453853648048,125951.98191278531,0.0,1.0
2010-09-07,-0.005800751484522415,125223.48073662545,-0.005783959609816258,1.0
2010-09-08,0.005257998581947199,125883.63965717355,-0.0005426056388623257,1.0
2010-09-09,0.0008269257229311933,125987.7791287719,0.0,1.0
2010-09-10,0.007031947896734003,126876.84088164657,0.0,1.0
2010-09-13,0.016883313114600895,129037.1273951662,0.0,1.0
2010-09-14,-0.0013920533556062153,128857.62579586648,-0.0013910848987672697,1.0
2010-09-15,0.007385218895469947,129812.79027677115,0.0,1.0
2010-09-16,-0.0016476575862665044,129599.0793576339,-0.0016463009437019949,1.0
2010-09-17,0.0005402333954327432,129669.11202360943,-0.0011068112229571936,1.0
2010-09-20,0.002788395008852085,130031.18529543263,0.0,1.0
2010-09-21,-0.0007190690777543196,129937.71749987111,-0.0007188106095408209,1.0
2010-09-22,-0.0004686936870639258,129876.83078169223,-0.0011870576538213218,1.0
2010-09-23,-0.00023028244760769923,129846.9258706325,-0.0014170402613917776,1.0
2010-09-24,0.009868604995808994,131134.67759743892,0.0,1.0
2010-09-27,0.00028997005197162196,131172.7082403244,0.0,1.0
2010-09-28,-0.0007107951092670817,131079.5044491614,-0.000710542554265392,1.0
2010-09-29,-0.0021382503752658266,130799.52309138057,-0.0028449908060150797,1.0
2010-09-30,-0.0010860987725997973,130657.53900822077,-0.003927411723174679,1.0
2010-10-01,0.001213623555585741,130816.20433579088,-0.0027178207213680583,1.0
2010-10-04,-0.0007568170085150427,130717.23786183933,-0.0034722953013258673,1.0
2010-10-05,0.0073869477668129235,131686.41449163313,0.0,1.0
2010-10-06,0.0033546361803438174,132128.91630346293,0.0,1.0
2010-10-07,0.00037498472181241027,132178.47191910504,0.0,1.0
2010-10-08,0.005570278083312452,132916.79719380784,0.0,1.0
2010-10-11,0.0017953412478064479,133155.64254263465,0.0,1.0
2010-10-12,0.005567608249415379,133899.06862870735,0.0,1.0
2010-10-13,0.0011016488642638933,134046.6596674115,0.0,1.0
2010-10-14,-0.0020119048570643727,133777.24165433622,-0.002009882333090185,1.0
2010-10-15,0.001690534230414542,134003.58792976025,-0.00032131899264120634,1.0
2010-10-18,0.00343810273344225,134465.09893823307,0.0,1.0
2010-10-19,8.004584815779481e-05,134475.86274191833,0.0,1.0
2010-10-20,0.00044317891650447194,134535.4728170529,0.0,1.0
2010-10-21,0.000624773230152087,134619.55324183914,0.0,1.0
2010-10-22,0.0006189336783339883,134702.8996073784,0.0,1.0
2010-10-25,-0.0008161458603836991,134593.0072436809,-0.0008158129039375073,1.0
2010-10-26,-0.0026897837157724425,134231.4676142203,-0.00349979098098252,1.0
2010-10-27,-0.002280946439154441,133925.6417449507,-0.005770164300049951,1.0
2010-10-28,-0.005352454919349547,133210.7257695187,-0.011077518317786583,1.0
2010-10-29,-0.0012944705532795808,133038.39996703074,-0.012356821161231268,1.0
2010-11-01,0.00125572173980526,133205.5641119578,-0.011115837148160335,1.0
2010-11-02,0.002473929182441381,133535.5132113478,-0.008666379116063716,1.0
2010-11-03,0.006291219918875157,134378.2626734134,-0.00241002186969419,1.0
2010-11-04,0.01072112514626511,135826.69940632477,0.0,1.0
2010-11-05,0.0037355946680541763,136335.04178980947,0.0,1.0
2010-11-08,0.0014080250284713713,136527.14014881913,0.0,1.0
2010-11-09,0.0014030473021469092,136718.82862703028,0.0,1.0
2010-11-10,0.0027639703108013336,137097.23812568682,0.0,1.0
2010-11-11,0.0007162748756552872,137195.47261012462,0.0,1.0
2010-11-12,-0.0026514556456573857,136832.18673074333,-0.0026479436417968794,1.0
2010-11-15,-0.0021819797632138815,136533.94716301866,-0.004821773157091314,1.0
2010-11-16,-0.0024621523339334317,136198.1932945526,-0.0072690395433532284,1.0
2010-11-17,0.0012334396950866022,136366.28919933055,-0.0060438103023297,1.0
2010-11-18,0.008433585993167014,137521.20923926312,0.0,1.0
2010-11-19,0.003006810168634466,137935.3316914032,0.0,1.0
2010-11-22,0.00892760056923425,139172.27649612457,0.0,1.0
2010-11-23,-0.0024568895074175146,138830.7652897165,-0.0024538738246303593,1.0
2010-11-24,0.007974561068488484,139942.305839132,0.0,1.0
2010-11-26,-0.0056337092131606425,139156.12820884679,-0.005617869632568051,1.0
2010-11-29,-0.004620760106628374,138514.60442822642,-0.010202071506144494,1.0
2010-11-30,-0.0060163907691546115,137683.7483244517,-0.016139204661073436,1.0
2010-12-01,-0.0031958488191179413,137244.4342445583,-0.019278456063708038,1.0
2010-12-02,0.0064916912230001955,138138.2808828954,-0.012891205024950558,1.0
2010-12-03,0.0026566098860092424,138505.7482981903,-0.010265355657302466,1.0
2010-12-06,0.007205650476303838,139507.3766675292,-0.0031079177164821115,1.0
2010-12-07,0.0007846047935187173,139616.87777592358,-0.002325444484118311,1.0
2010-12-08,0.0025689309938234928,139976.0049895157,0.0,1.0
2010-12-09,0.0031395086496814884,140416.15142817804,0.0,1.0
2010-12-10,-0.00022826354615546052,140384.1031973761,-0.00022823749601441623,1.0
2010-12-13,-0.003660417566905494,139871.17809265887,-0.003881129983810405,1.0
2010-12-14,-0.0046976991759652975,139215.64632565563,-0.008549622606174756,1.0
2010-12-15,-0.001671668824184458,138983.11827894708,-0.010205614771915728,1.0
2010-12-16,0.0021078835848360455,139276.3874926302,-0.008117042975151145,1.0
2010-12-17,-0.0028600756463337262,138878.61558866972,-0.010949850311876341,1.0
2010-12-20,0.008575756555479153,140074.72623305532,-0.0024315236648353444,1.0
2010-12-21,0.006171013756417487,140941.80191191664,0.0,1.0
2010-12-22,0.0016585898411278777,141175.7605198097,0.0,1.0
2010-12-23,-0.0004751048280420278,141108.70316528203,-0.00047499198361511397,1.0
2010-12-27,0.0025356031091625653,141466.9528292981,0.0,1.0
2010-12-28,-0.004012219405389317,140900.49351536142,-0.004004181207042712,1.0
2010-12-29,0.001001503736241638,141041.67657193402,-0.0030061880096988736,1.0
2010-12-30,0.0035445599886774204,141542.4943203711,0.0,1.0
2010-12-31,0.0012261537389948174,141716.15362375337,0.0,1.0
2011-01-03,-0.0018395884198580958,141455.69387146385,-0.001837897414158074,1.0
2011-01-04,4.8421705460377495e-05,141462.54356324376,-0.0017895635326297121,1.0
2011-01-05,0.0031193342463868845,141904.5014688135,0.0,1.0
2011-01-06,0.0007398883993836591,142009.53381458618,0.0,1.0
2011-01-07,0.0006320982544405496,142099.32616882978,0.0,1.0
2011-01-10,0.0019439575247881535,142375.82989187457,0.0,1.0
2011-01-11,0.00863156891848238,143610.075756022,0.0,1.0
2011-01-12,0.016420962292646557,145987.75989776524,0.0,1.0
2011-01-13,0.002402777230908093,146338.95771933818,0.0,1.0
2011-01-14,0.008334118252881773,147563.66021696886,0.0,1.0
2011-01-18,0.005331438120180998,148352.48766408025,0.0,1.0
2011-01-19,-0.01217213944810247,146557.6660663021,-0.012098358618982008,1.0
2011-01-20,-0.0005335052441335364,146479.4976363755,-0.012625268758187702,1.0
2011-01-21,-0.005764971388773077,145637.4769680286,-0.018301079670462572,1.0
2011-01-24,0.007460154186674117,146728.0177450072,-0.010950068614632102,1.0
2011-01-25,-0.00014295941308706261,146707.04309300464,-0.011091452506016952,1.0
2011-01-26,0.004826342903851533,147416.81300812156,-0.00630710459050321,1.0
2011-01-27,0.0024757033788578298,147782.225449957,-0.0038439679920603265,1.0
2011-01-28,-0.024133817971306648,144258.36920901018,-0.02759723493373789,1.0
2011-01-31,-0.000490677564222608,144187.60222709298,-0.02807425411306863,1.0
2011-02-01,0.009071770549520686,145501.59015765952,-0.019217052247051725,1.0
2011-02-02,-0.0013941745256227378,145298.87688889663,-0.02058348210579397,1.0
2011-02-03,0.004745875446499959,145990.08616032157,-0.015924245969558326,1.0
2011-02-04,0.003346728074316907,146479.4937805531,-0.01262529474913987,1.0
2011-02-07,-0.00019003131854677946,146451.66073386895,-0.012812909039418452,1.0
2011-02-08,-0.0014205882319862084,146243.76093304387,-0.01421429976834121,1.0
2011-02-09,-0.0013632182551388539,146044.534593784,-0.015557225272300412,1.0
2011-02-10,-0.0034033169387610585,145548.34358195553,-0.018901901318124525,1.0
2011-02-11,0.0044534293877820375,146197.97833016064,-0.014522906678842817,1.0
2011-02-14,0.004242967517688712,146819.60945110425,-0.010332676162781662,1.0
2011-02-15,-0.002473383361666137,146456.91699556544,-0.01277747814251029,1.0
2011-02-16,-0.004125141872324711,145854.00583677637,-0.016841522960917787,1.0
2011-02-17,0.003428881153442198,146354.98028863326,-0.013464603168435008,1.0
2011-02-18,0.002405553701057883,146707.46884823596,-0.011088582616620268,1.0
2011-02-22,-0.033777934081634875,141834.7520737659,-0.043934117269894934,0.5
2011-02-23,-0.005997642173192208,140986.62391010893,-0.049651096991714105,0.5
2011-02-24,0.0028388795661768995,141387.43661614513,-0.04694933774016874,0.5
2011-02-25,0.00837241593578364,142576.16034447588,-0.03893650460842901,1.0
2011-02-28,0.01325541877520564,144478.6483382541,-0.026112398833498585,1.0
2011-03-01,-0.025692915576502884,140813.85187697495,-0.05081570188546691,0.5
2011-03-02,0.00032663626075457586,140859.85429963513,-0.05050561323522229,0.5
2011-03-03,0.007066772315071912,141858.80433730714,-0.04377198811439542,1.0
2011-03-04,-0.00296958930657798,141438.16681835678,-0.0466073805339875,1.0
2011-03-07,-0.008232481149613058,140278.5595479229,-0.05442394828214436,0.5
2011-03-08,0.004268242490147234,140878.582066117,-0.05037937493091915,1.0
2011-03-09,-0.00631093385192294,139992.30620923787,-0.05635349690780134,1.0
2011-03-10,-0.006784036060243359,139045.80752642313,-0.06273356304432565,0.5
2011-03-11,0.003822823831197031,139578.37245543997,-0.05914370124016943,1.0
2011-03-14,-0.000932707609003991,139448.24733917485,-0.06002083595030494,1.0
2011-03-15,-0.017686331396461696,137003.60155652952,-0.0764994661447701,0.5
2011-03-16,-0.0043592798540448285,136407.6643885098,-0.08051650136543409,0.5
2011-03-17,0.0015429527781520846,136618.29742986956,-0.07909668667491998,0.5
2011-03-18,0.0010808184538579901,136766.03683222056,-0.0781008193006868,0.5
2011-03-21,0.008825032915763753,137978.34306223638,-0.0699290235384149,0.5
2011-03-22,0.0022521289661172617,138289.438267113,-0.06783202328061644,1.0
2011-03-23,0.017815846407411406,140775.25941237778,-0.051075842212095934,1.0
2011-03-24,0.009438139041909821,142110.20567904584,-0.04207736643533089,1.0
2011-03-25,0.007590750021440051,143193.03326327927,-0.03477834771792787,1.0
2011-03-28,-0.010614668600792854,141681.12506715686,-0.0449696712334855,1.0
2011-03-29,0.00935401195595631,143012.6297517367,-0.03599439413806649,1.0
2011-03-30,0.0013455551398546817,143205.19065236516,-0.03469639837365113,1.0
2011-03-31,0.0002942868869135751,143247.34026384685,-0.03441228037775246,1.0
2011-04-01,0.006112341508171859,144125.59829984003,-0.02849220414699971,1.0
2011-04-04,0.005050146687556101,144855.29469876568,-0.023573537730175453,1.0
2011-04-05,0.0029265148299177923,145279.83677824071,-0.020711825829284658,1.0
2011-04-06,0.003008017946652508,145717.49905254063,-0.01776167459696476,1.0
2011-04-07,0.0006441727271182529,145811.39653114462,-0.017128739618371025,1.0
2011-04-08,0.00022147724786147904,145843.69401440202,-0.01691103188885501,1.0
2011-04-11,0.0072905139869714475,146910.8548542695,-0.00971761803600546,1.0
2011-04-12,-0.005925874960571953,146042.85387075765,-0.015568554526381728,1.0
2011-04-13,0.00728523705386408,147110.6956987126,-0.008370550335357274,1.0
2011-04-14,0.005536442361955274,147927.4243857167,-0.0028652251475960178,1.0
2011-04-15,0.012178931075220945,149740.0377331509,0.0,1.0
2011-04-18,-0.008019342864967527,148544.02306542275,-0.007987273716730026,1.0
2011-04-19,0.02248927551177804,151922.51808520814,0.0,1.0
2011-04-20,0.018183835821928618,154710.3218793467,0.0,1.0
2011-04-21,0.003868676982166086,155310.00538345115,0.0,1.0
2011-04-25,0.009042163558093286,156720.71216336763,0.0,1.0
2011-04-26,-0.0026789419583472807,156301.42834108032,-0.002675356795534767,1.0
2011-04-27,0.0040250180202860975,156931.81220890503,0.0,1.0
2011-04-28,0.003243730496388153,157441.68320901386,0.0,1.0
2011-04-29,-0.0043919337737072794,156751.72599538643,-0.004382303336477156,1.0
2011-05-02,-0.003939419575040404,156135.4298990579,-0.008296743805907059,1.0
2011-05-03,-0.009316967596688208,154687.47689781213,-0.017493501435355885,1.0
2011-05-04,-0.004102760646958359,154054.13132606883,-0.021516232638645216,1.0
2011-05-05,-0.004639043397985709,153341.1226430249,-0.02604494872266583,1.0
2011-05-06,0.0024509363374143334,153717.41291591479,-0.02365491918779139,1.0
2011-05-09,0.00935726617755872,155162.5383318893,-0.014476121130506892,1.0
2011-05-10,0.009506181025355609,156644.57460151872,-0.005062881641305417,1.0
2011-05-11,-0.007215515657690297,155518.3711761995,-0.012216028142058466,1.0
2011-05-12,0.006107624302268633,156471.12553054845,-0.006164553494876768,1.0
2011-05-13,-0.005116708781458534,155672.55312199454,-0.01123673255366997,1.0
2011-05-16,-0.008472913366829538,154359.12520388223,-0.019579046300205905,1.0
2011-05-17,0.00764832523668435,155544.24029238932,-0.01205171894729784,1.0
2011-05-18,0.012208363626349694,157454.8197321346,0.0,1.0
2011-05-19,0.012322994182557778,159407.1390636739,0.0,1.0
2011-05-20,0.002094923230088419,159741.4348220549,0.0,1.0
2011-05-23,-0.006537268034681354,158700.5681653995,-0.006515946584647048,1.0
2011-05-24,0.004846909483442019,159471.64260874366,-0.0016889306998636444,1.0
2011-05-25,0.005623211013218388,160370.91132502232,0.0,1.0
2011-05-26,0.005026470815248096,161179.04034741016,0.0,1.0
2011-05-27,0.0012717159429840308,161384.14469228522,0.0,1.0
2011-05-31,0.006443121909550875,162427.31945303956,0.0,1.0
2011-06-01,-0.020233952406118583,159173.79958681003,-0.02003061970846709,1.0
2011-06-02,0.00347562498771925,159727.99054412977,-0.016618687779860863,1.0
2011-06-03,0.00022729202188020992,159764.29956827083,-0.01639514764964556,1.0
2011-06-06,-0.0008764838840669142,159624.3300839093,-0.017256883746952778,1.0
2011-06-07,0.0033789373026396063,160164.6029472702,-0.013930639952619117,1.0
2011-06-08,-0.004630249993819113,159424.7150503129,-0.018485833619847236,1.0
2011-06-09,0.006815347887364709,160514.96092763016,-0.011773626086110989,1.0
2011-06-10,-0.008892262305260523,159093.94716824687,-0.020522239091413597,1.0
2011-06-13,-0.00840363137237432,157762.58226777817,-0.028718919951209565,1.0
2011-06-14,0.0065327784022057855,158796.58403273713,-0.022352984907518247,1.0
2011-06-15,-0.02364776020784909,155085.45339758345,-0.04520093097749334,1.0
2011-06-16,-0.007973728237518962,153853.761253756,-0.05278396656519535,1.0
2011-06-17,0.006681473920330028,154885.1729853819,-0.046433977320165076,1.0
2011-06-20,0.014029672183047737,157073.4758806798,-0.03296147218576517,1.0
2011-06-21,0.006773271038329476,158140.988300025,-0.026389225454488963,1.0
2011-06-22,-0.0023558668062140242,157768.86770038054,-0.02868022305820206,1.0
2011-06-23,0.009819909458003373,159325.77553234974,-0.019094964634853384,1.0
2011-06-24,-0.017117287360199462,156621.7591841923,-0.03574251110217774,1.0
2011-06-27,0.006211923599494185,157597.70971299466,-0.029733974286519027,1.0
2011-06-28,0.019892081184096355,160764.0442328508,-0.010240119862777286,1.0
2011-06-29,0.017150539121117525,163545.0136591139,0.0,1.0
2011-06-30,0.0033852885951404232,164099.59891457928,0.0,1.0
2011-07-01,8.453875211422712e-06,164100.9861979747,0.0,1.0
2011-07-05,9.413794110635365e-05,164116.43505409925,0.0,1.0
2011-07-06,-0.010357648169670775,162425.34772316436,-0.010304192449570482,1.0
2011-07-07,0.0018176689473161645,162720.8517168342,-0.008503617183769574,1.0
2011-07-08,-0.005713413697196579,161793.81097922844,-0.014152294217853245,1.0
2011-07-11,-0.0236033345318587,158019.65409632205,-0.03714911889091099,1.0
2011-07-12,-0.0018630250402278392,157725.5335859013,-0.03894126426820832,1.0
2011-07-13,-0.002630155476809115,157311.2359822961,-0.04146567691139458,1.0
2011-07-14,-0.009289663515177793,155856.63437334573,-0.05032890629162612,1.0
2011-07-15,0.004159929557647324,156506.33741594976,-0.046370112997158985,1.0
2011-07-18,-0.012700976712579859,154531.12419017413,-0.058405551282937784,0.5
2011-07-19,0.009497687896339979,156005.80451934924,-0.0494199775426295,1.0
2011-07-20,0.006661601570374209,157048.52226074596,-0.0430664533446844,1.0
2011-07-21,0.014406124128173659,159327.35794983726,-0.02918097205001635,1.0
2011-07-22,0.0021886862110198635,159676.45743647768,-0.02705382685261215,1.0
2011-07-25,-0.019598190479602984,156577.55345111515,-0.045936176961795305,1.0
2011-07-26,-0.005822398703645426,155668.54537856413,-0.05147497673069956,1.0
2011-07-27,-0.02359001985037068,152039.296629555,-0.07358884209593719,0.5
2011-07-28,-0.0011758690841703334,151860.62338982584,-0.07467754012712624,0.5
2011-07-29,-0.0020560079182607716,151548.71749603128,-0.0765780560242193,0.5
2011-08-01,0.0004624147731910888,151618.81206699315,-0.07615095333374977,0.5
2011-08-02,-0.009266858408240264,150220.27204795866,-0.08467258627425012,0.5
2011-08-03,0.00096469893381812,150365.25930752428,-0.08378914483514122,0.5
2011-08-04,-0.03058226129879138,145836.3547044303,-0.11138482470474764,0.5
2011-08-05,-0.005101472691257047,145094.26899789556,-0.11590652727701056,0.5
2011-08-08,-0.02821787797682207,141057.242648146,-0.1405050773760229,0.5
2011-08-09,0.02690452843665092,144903.83458727165,-0.117066888885896,0.5
2011-08-10,-0.014833428908472168,142770.2769665236,-0.13006715677524372,0.5
2011-08-11,0.003170240402763813,143223.61127656605,-0.1273048843075716,0.5
2011-08-12,-0.0038194139882472555,142677.62435099395,-0.13063171093156034,0.5
2011-08-15,0.002246665127727976,142998.53354689767,-0.1286763357992774,0.5
2011-08-16,-0.0006886418159273155,142900.09267622125,-0.1292761591542264,0.5
2011-08-17,-0.007656888367761461,141810.1009167942,-0.13591773505165394,0.5
2011-08-18,-0.019288811058891575,139100.96467833512,-0.15242513869813246,0.5
2011-08-19,-0.007685165105850267,138036.0480696956,-0.15891392581009045,0.5
2011-08-22,-0.005429150873271116,137288.6602152991,-0.1634679356150811,0.5
2011-08-23,0.013330177630744178,139130.99448333797,-0.1522421600403706,0.5
2011-08-24,0.008432605519479885,140309.19193081907,-0.1450631261605967,0.5
2011-08-25,-0.002235675372229462,139995.8565145692,-0.14697235247389429,0.5
2011-08-26,0.0028299341009958567,140392.5966723935,-0.14455492147319327,0.5
2011-08-29,0.009001025548375008,141661.97831989697,-0.13682028083781128,0.5
2011-08-30,-0.0005784096584235954,141580.0633558923,-0.1373194079604403,0.5
2011-08-31,0.00022163127895780121,141611.44540390203,-0.13712818976831098,0.5
2011-09-01,-0.00225129764541121,141292.9944887002,-0.13906858601867345,0.5
2011-09-02,-0.011006659885306913,139746.35782018615,-0.14849260664161856,0.5
2011-09-06,-0.0030002430567996896,139327.71311239636,-0.151043507212008,0.5
2011-09-07,0.007024241965802869,140309.82995688525,-0.1450592385178633,0.5
2011-09-08,-0.0031471572216674737,139868.94699016915,-0.1477456420250487,0.5
2011-09-09,-0.012544220776268045,138125.35888030208,-0.15836973405636967,0.5
2011-09-12,0.00031220127233000383,138168.48852530026,-0.15810693499554462,0.5
2011-09-13,0.000391111331807803,138222.53835592288,-0.15777759667787516,0.5
2011-09-14,0.005728795294846378,139016.65949014638,-0.1529388300183281,0.5
2011-09-15,0.008103477868108833,140147.75462625665,-0.14604680158901562,0.5
2011-09-16,0.0046553973660712344,140801.7191653018,-0.1420620419954406,0.5
2011-09-19,-0.0052001713341987,140071.42657050138,-0.14651188636696677,0.5
2011-09-20,-0.0003099045885659457,140028.02451827514,-0.14677634526903793,0.5
2011-09-21,-0.014491788570655473,138013.40099982123,-0.1590519197280481,0.5
2011-09-22,-0.010028509349931714,136636.24924885874,-0.16744322892574381,0.5
2011-09-23,-0.0024347967918760816,136303.97242495732,-0.1694678696863836,0.5
2011-09-26,0.005659182607392399,137077.5282774232,-0.16475441212065656,0.5
2011-09-27,0.0025776472709830855,137431.32157537373,-0.16259866642807008,0.5
2011-09-28,-0.009715435215058132,136102.5815694069,-0.17069499148856038,0.5
2011-09-29,0.0027070589822226765,136471.51842696252,-0.16844697252913077,0.5
2011-09-30,-0.010643278610635853,135026.71638807718,-0.1772504908264242,0.5
2011-10-03,-0.01046301965261831,133621.29450079126,-0.18581405660716177,0.5
2011-10-04,0.012065290671139817,135243.2392002626,-0.17593116645702744,0.5
2011-10-05,0.012955522530785135,137006.78519591966,-0.16518546633823228,0.5
2011-10-06,0.0009303483700069393,137134.30854657915,-0.1644084365994528,0.5
2011-10-07,0.0014286617578451732,137330.36710622392,-0.16321380572911903,0.5
2011-10-10,0.00872491153897359,138533.80471999635,-0.15588097758563824,0.5
2011-10-11,0.0007936041548206596,138643.7893593662,-0.1552108153356868,0.5
2011-10-12,0.00782782495306078,139733.32746665808,-0.14857200364731005,0.5
2011-10-13,0.0015863029306983911,139955.1627560014,-0.14722030910635697,0.5
2011-10-14,0.007595362945215456,141022.2202277478,-0.1407184772124661,0.5
2011-10-17,-0.018689950259723975,138410.99974755378,-0.1566292571372997,0.5
2011-10-18,0.010295818712710236,139843.4156023327,-0.14790121077005602,0.5
2011-10-19,-0.014710285239156295,137801.33568314806,-0.16034408352994434,0.5
2011-10-20,-0.0016365857210094426,137575.99642863212,-0.1617171285539949,0.5
2011-10-21,0.008941360133614129,138811.62884347234,-0.15418812992303566,0.5
2011-10-24,0.008248316637995412,139961.3261265525,-0.1471827542414278,0.5
2011-10-25,-0.012749593269168358,138188.20346010584,-0.15798680726550296,0.5
2011-10-26,0.006934177847389478,139149.7549710632,-0.15212784798064882,0.5
2011-10-27,0.014524485919946706,141185.58251229388,-0.13972307242870863,0.5
2011-10-28,-0.0006827426231517109,141089.22199579724,-0.14031021969683488,0.5
2011-10-31,-0.01566401152401431,138896.4176880988,-0.15367149157052395,0.5
2011-11-01,-0.012864217622357899,137121.0676716835,-0.1644891163613017,0.5
2011-11-02,0.005546980252643774,137883.7889705921,-0.15984167627611345,0.5
2011-11-03,0.00677824854016551,138821.57424220315,-0.15412753027177273,0.5
2011-11-04,-0.003060456506999376,138397.36631806073,-0.1567123288265463,0.5
2011-11-07,0.002001190594286051,138674.60313514344,-0.15502305975979302,0.5
2011-11-08,0.009960978959096423,140062.84056251752,-0.1465642029310027,0.5
2011-11-09,-0.02582448554460548,136492.09454375738,-0.16832159741488284,0.5
2011-11-10,0.011456403069108667,138064.7945358457,-0.158738766837495,0.5
2011-11-11,0.005592317790127144,138839.05969306108,-0.15402098731126923,0.5
2011-11-14,-0.0019603111818708996,138567.15852438723,-0.15567774501858989,0.5
2011-11-15,0.0014579151330926798,138769.3250167349,-0.1544458970791618,0.5
2011-11-16,-0.009355412246793371,137477.13468538324,-0.16231951638441722,0.5
2011-11-17,-0.002095198606456794,137189.39432623208,-0.16407278600093245,0.5
2011-11-18,0.009485513972307569,138496.89760976512,-0.15610586128006565,0.5
2011-11-21,-0.0009743522903549184,138362.01856089782,-0.15692771101633884,0.5
2011-11-22,0.003245807732216388,138811.84470024865,-0.15418681465697937,0.5
2011-11-23,-0.00410999596855266,138242.4993830738,-0.1576559694493509,0.5
2011-11-25,-0.002359811013928237,137916.6578238964,-0.15964139862998095,0.5
2011-11-28,0.0077757357068461985,138993.24149538722,-0.15308152136274733,0.5
2011-11-29,0.002577408364870415,139351.94590397572,-0.15089585111911663,0.5
2011-11-30,0.00957227718435405,140692.2660801917,-0.14272896536039192,0.5
2011-12-01,0.003468340544402704,141181.08197089494,-0.139750495284911,0.5
2011-12-02,0.0005167621123258748,141254.05785899775,-0.13930583605210012,0.5
2011-12-05,-0.0019222819756268272,140982.78854118346,-0.14095874374367212,0.5
2011-12-06,-0.0024183141458125057,140642.2597880465,-0.1430336654480383,0.5
2011-12-07,-0.002203690879302833,140332.6689694263,-0.1449200750481381,0.5
2011-12-08,-0.005726972022253918,139531.28464356647,-0.1498030980409033,0.5
2011-12-09,0.01683111134616233,141899.62623253863,-0.1353722362677271,0.5
2011-12-12,-0.00052507441213967,141825.13792737466,-0.13582611101305297,0.5
2011-12-13,0.00442444194604974,142454.02522839373,-0.13199415292298255,0.5
2011-12-14,1.4790942330478174e-05,142456.1322732482,-0.1319813142036077,0.5
2011-12-15,0.005420452357116634,143230.40551105072,-0.12726348544046595,0.5
2011-12-16,0.00024076850024545848,143264.89503280376,-0.12705333268067875,0.5
2011-12-19,0.0029024553266339126,143681.3190241892,-0.12451596345712623,0.5
2011-12-20,0.008920689737750287,144968.78951679528,-0.11667110323833285,0.5
2011-12-21,0.008794124476078302,146249.28526402413,-0.10886874178192696,0.5
2011-12-22,-0.005054317758288018,145511.95981258887,-0.11336143900138707,0.5
2011-12-23,-0.004791650163996852,144816.38521242325,-0.11759973847417493,0.5
2011-12-27,0.00021334408697137874,144847.28422784884,-0.11741146351307552,0.5
2011-12-28,-0.00645311101461532,143915.57805745953,-0.12308856812531133,0.5
2011-12-29,0.0033339692754323913,144396.18889866842,-0.12016009334427868,0.5
2011-12-30,-0.004575359491949982,143737.03351150962,-0.12417648199506504,0.5
2012-01-03,0.008981044098880453,145033.75639478237,-0.11627524478597451,0.5
2012-01-04,0.003044398552108696,145475.9697480543,-0.11358073492091336,0.5
2012-01-05,0.003432287254534927,145976.1429428744,-0.11053306212290737,0.5
2012-01-06,0.0023716748261031206,146322.76175738897,-0.10842103224363109,0.5
2012-01-09,0.0011407709538708843,146489.77775928157,-0.10740336450159449,0.5
2012-01-10,0.003261521996669625,146968.33738387775,-0.10448738826534232,0.5
2012-01-11,-0.003130045293143091,146509.03901853738,-0.10728600112327424,0.5
2012-01-12,0.0035418429804079388,147028.8710682738,-0.10411854230316864,0.5
2012-01-13,-9.340536747926009e-05,147015.1384239029,-0.10420221853197742,0.5
2012-01-17,0.00358888806305524,147543.70721906505,-0.10098152466918486,0.5
2012-01-18,0.004695678639619505,148238.1542274446,-0.09675009587809125,0.5
2012-01-19,0.005377760380149255,149037.49089418296,-0.09187954975347634,0.5
2012-01-20,0.004166165206265671,149659.70091808052,-0.08808827788181739,0.5
2012-01-23,0.0027764478883551824,150075.8006509811,-0.08555288444140152,0.5
2012-01-24,0.00035961653300864427,150129.7800954683,-0.08522397500299339,0.5
2012-01-25,0.0046975434959675155,150836.68031484564,-0.08091666587125212,0.5
2012-01-26,0.003455524404144761,151358.80172681532,-0.07773525742914478,0.5
2012-01-27,0.0012935263510662764,151554.7150074933,-0.07654151177769064,0.5
2012-01-30,-0.0022353507880565893,151216.31541767187,-0.07860345998970175,0.5
2012-01-31,-0.0006305073415311391,151121.00247155543,-0.07918422416536164,0.5
2012-02-01,0.00685926924171687,152161.1453474169,-0.0728463892281197,0.5
2012-02-02,0.005123885045693388,152942.80241493013,-0.06808356905562718,1.0
2012-02-03,0.014886782675987753,155236.66039609554,-0.054106553405675606,1.0
2012-02-06,-0.003022804482116115,154768.1188347961,-0.05696148722839112,1.0
2012-02-07,-0.006904944812910152,153703.13457559206,-0.06345068655113395,1.0
2012-02-08,-0.01174245630909354,151908.8375775347,-0.07438375975288791,0.5
2012-02-09,-0.00404632033011465,151295.40766364534,-0.07812153235126995,0.5
2012-02-10,-0.013174149227071386,149315.29119931383,-0.09018684722164716,0.5
2012-02-13,0.016077583080061242,151735.32219439108,-0.07544102975199818,0.5
2012-02-14,-0.0013949765442506923,151523.80254577054,-0.07672986867023823,0.5
2012-02-15,-0.012456099950037824,149648.11305606127,-0.08815888544781425,0.5
2012-02-16,0.012969908567413313,151601.6767857706,-0.07625536262838817,0.5
2012-02-17,0.004994570268594067,152360.75607275125,-0.07163011417761334,0.5
2012-02-21,0.002588578101821337,152755.66469488898,-0.06922384315419294,1.0
2012-02-22,0.005746562119639087,153636.0116728443,-0.06385968216894422,1.0
2012-02-23,0.03132791577000216,158525.29333702696,-0.034068140191012675,1.0
2012-02-24,-0.0121603734667044,156609.24013862226,-0.045743102529629764,1.0
2012-02-27,-0.002648430065641527,156195.02027676758,-0.04826704147406358,1.0
2012-02-28,0.0067437924095195,157251.92684259135,-0.041827061435042,1.0
2012-02-29,-0.003917186145329765,156637.1466637531,-0.045573061515019275,1.0
2012-03-01,0.0070330303177517095,157742.66347485816,-0.038836887829912015,1.0
2012-03-02,0.003377074851984574,158276.2727688932,-0.035585481023158394,1.0
2012-03-05,0.007330378141818805,159440.76055264444,-0.028489983345747927,1.0
2012-03-06,-0.036914504655788605,153662.39280407326,-0.0636989357377884,1.0
2012-03-07,0.022466039644271518,157153.64871768185,-0.04242589314179401,1.0
2012-03-08,0.011925919165830301,159039.0707779194,-0.030937573525199547,1.0
2012-03-09,0.006098174621345542,160011.88197469703,-0.02501000632903827,1.0
2012-03-12,0.01723613185101769,162793.77352390712,-0.008059287479380894,1.0
2012-03-13,0.008847870732104468,164240.54276331648,0.0,1.0
2012-03-14,-0.017365073917427587,161413.11390315212,-0.017215169973219813,1.0
2012-03-15,0.004140157969036551,162082.77498777365,-0.013137850979050514,1.0
2012-03-16,0.0051402972789516,162918.073637463,-0.008052026032081883,1.0
2012-03-19,0.025988491966032257,167207.5659791188,0.0,1.0
2012-03-20,0.022403472746709063,170995.87329690048,0.0,1.0
2012-03-21,0.013562497750569058,173330.80238839844,0.0,1.0
2012-03-22,0.005083395936644308,174214.15479776042,0.0,1.0
2012-03-23,0.028631849846566304,179274.3236343374,0.0,1.0
2012-03-26,0.018463566421257127,182615.113558065,0.0,1.0
2012-03-27,-0.0397968525542991,175490.31932540756,-0.039015359100559976,1.0
2012-03-28,-0.006331230510178365,174382.75946949035,-0.04508035467698057,1.0
2012-03-29,0.011817670505196887,176455.78248816342,-0.03372848473433243,1.0
2012-03-30,-0.000284729817717988,176405.54741743093,-0.03400357188212488,1.0
2012-04-02,-0.0005168579471490631,176314.39436694555,-0.03450272580596703,1.0
2012-04-03,-0.010549405970705195,174464.15884447916,-0.044634611860831175,1.0
2012-04-04,-0.014368233165888533,171975.33991356913,-0.05826337939500725,1.0
2012-04-05,-0.0068348960637898415,170803.91418660776,-0.06467810435471821,1.0
2012-04-09,-0.011208102931489883,168900.21469400317,-0.07510275900412255,0.5
2012-04-10,-0.006989931038257069,167723.7304031389,-0.08154518464974247,0.5
2012-04-11,0.0053910389378821755,168630.3772529394,-0.07658038829671654,0.5
2012-04-12,0.015713783674586868,171301.12736120546,-0.06195536599582763,1.0
2012-04-13,-0.022917776398527323,167419.93050189412,-0.08320879230699252,0.5
2012-04-16,0.0014505682719887503,167662.9607645585,-0.08187795907019635,0.5
2012-04-17,0.012358144849658359,169747.81988119677,-0.07046127467854346,1.0
2012-04-18,-0.012935350203363782,167566.21273041482,-0.0824077511134651,1.0
2012-04-19,0.0015834840216335522,167831.7613413434,-0.08095360744619329,1.0
2012-04-20,0.007721980415201557,169132.77163866785,-0.07382927763594027,1.0
2012-04-23,-0.009976642093528554,167453.78376653825,-0.08302341189688,1.0
2012-04-24,0.016789485583831976,170288.98080486752,-0.06749787853280953,1.0
2012-04-25,0.011955063861057269,172337.01423783813,-0.056282851511952225,1.0
2012-04-26,0.009770190415751223,174029.03189044772,-0.04701736619892205,1.0
2012-04-27,-0.0024083227783133765,173610.4180897645,-0.049309694541998184,1.0
2012-04-30,-0.008249018419737908,172184.19311854854,-0.0571196996583736,1.0
2012-05-01,0.00813143460672805,173590.005514945,-0.04942147376126316,1.0
2012-05-02,-0.004650952893944016,172784.52116330017,-0.05383230447483778,1.0
2012-05-03,-0.013560307687927597,170457.32430601318,-0.06657602985410127,1.0
2012-05-04,-0.018288965846673833,167368.17093980595,-0.08349222756642805,1.0
2012-05-07,0.008070832735010747,168724.43718957904,-0.07606531627005353,1.0
2012-05-08,0.001556520799968375,168987.26478076985,-0.07462607290147416,1.0
2012-05-09,-0.012024116316559308,166967.50947392,-0.08568624895972599,1.0
2012-05-10,0.015916045913906274,169646.23281495427,-0.07101756525199698,1.0
2012-05-11,-0.006722497646419079,168509.61116283401,-0.07724170316684087,1.0
2012-05-14,-0.013258710906769444,166290.13713961458,-0.08939553852019844,1.0
2012-05-15,-0.006368876982207006,165234.42114401597,-0.09517663722024083,0.5
2012-05-16,-0.0007327290749223891,165113.3934251449,-0.09583938476896758,0.5
2012-05-17,-0.01624011080807275,162453.58983063375,-0.1104044639822247,0.5
2012-05-18,-0.009964701970451628,160842.82693843244,-0.11922499838826195,0.5
2012-05-21,0.028071887536929907,165421.9604434914,-0.09414967238791438,0.5
2012-05-22,-0.00336785159540387,164865.7809208452,-0.09719531035187934,0.5
2012-05-23,-0.0029765709317453037,164375.7758589146,-0.0998785771000874,0.5
2012-05-24,0.0047573790953836514,165159.63682224954,-0.09558615601805187,0.5
2012-05-25,-0.006269439647542452,164127.41754623054,-0.10123858672823394,0.5
2012-05-29,0.010892066289453162,165924.8755032718,-0.09139571051706141,1.0
2012-05-30,-0.035254132641077796,160177.24703815754,-0.12286971260334945,0.5
2012-05-31,-0.00033743047608991716,160123.20747124183,-0.12316563316470275,0.5
2012-06-01,-0.006121431858086002,159146.01811825568,-0.1285167201253964,0.5
2012-06-04,0.009160931660600724,160610.64233254475,-0.12049644083003908,0.5
2012-06-05,0.007091875985259843,161753.72158713875,-0.11423694109684457,0.5
2012-06-06,0.013594107625962248,163967.63306868356,-0.10211356621067524,1.0
2012-06-07,0.003174786528875373,164489.0225134791,-0.09925843864408546,1.0
2012-06-08,0.009466367247219054,166053.52942400283,-0.09069120190206048,1.0
2012-06-11,-0.01675929512317431,163293.77964351466,-0.10580358623168862,1.0
2012-06-12,0.012837097858867885,165403.51031006713,-0.09425070528198753,1.0
2012-06-13,-0.010380795855343905,163695.37149513658,-0.10360447004794393,1.0
2012-06-14,0.017082145144856398,166515.65929373036,-0.0881605796511229,1.0
2012-06-15,0.009737516035315252,168145.02832516519,-0.0792381580635102,1.0
2012-06-18,0.034282555781360635,174009.41842465862,-0.04712476949871991,1.0
2012-06-19,-0.0028618142314682515,173512.14768223165,-0.049847823098929545,1.0
2012-06-20,0.01984516548890447,176989.91930704494,-0.030803552572506332,1.0
2012-06-21,-0.04803526399725211,168689.1233059971,-0.07625869502657523,1.0
2012-06-22,0.031800831066526314,174139.78607840627,-0.04641087648511577,1.0
2012-06-25,-0.011789639924702833,172098.79561596934,-0.05758733621328582,1.0
2012-06-26,0.005963468653076731,173128.1676521681,-0.05195049698271759,1.0
2012-06-27,-0.004922821640703567,172277.98293266215,-0.056606106822127855,1.0
2012-06-28,0.0025741385023634322,172722.02158494404,-0.05417455204207566,1.0
2012-06-29,0.022746643206096095,176695.89255448783,-0.0324136424869077,1.0
2012-07-02,0.024908488510135385,181152.39208684367,-0.008009859878088554,1.0
2012-07-03,0.0019713577828808226,181509.86049817127,-0.006052363565966834,1.0
2012-07-05,-0.01854630638945043,178174.5474833684,-0.024316531026248644,1.0
2012-07-06,0.003478265257623292,178795.36487955847,-0.02091693619483459,1.0
2012-07-09,-0.0010935481543912218,178599.95040532338,-0.0219870254685407,1.0
2012-07-10,-0.01603135032132741,175759.5803487045,-0.037540886270514995,1.0
2012-07-11,0.01340897343854941,178132.2075911368,-0.024548384192214168,1.0
2012-07-12,-0.00147539313050693,177869.58633817025,-0.02598649765308636,1.0
2012-07-13,0.020243775894871696,181507.03197860956,-0.0060678525334821876,1.0
2012-07-16,0.002602841762330499,181980.0814309679,-0.0034774346696949676,1.0
2012-07-17,0.009473652167552693,183712.28963741584,0.0,1.0
2012-07-18,0.0009696700562544791,183890.5163402267,0.0,1.0
2012-07-19,0.008827307892716796,185520.96017418767,0.0,1.0
2012-07-20,-0.017901750824364626,182229.3607737638,-0.01774246638942223,1.0
2012-07-23,-0.023071414413040614,178073.2002790097,-0.04014511291977563,1.0
2012-07-24,-0.017932259950253382,174908.40612421726,-0.05720407031101049,1.0
2012-07-25,0.01266761166583219,177138.17097052746,-0.04518513269761826,1.0
2012-07-26,0.025012960672200713,181624.7990823532,-0.02100119085291674,1.0
2012-07-27,0.014109615328174563,184205.6195072388,-0.007089984149035722,1.0
2012-07-30,-0.016355567523197223,181217.33620853198,-0.023197508042298698,1.0
2012-07-31,-0.004387872711782315,180423.91958266022,-0.027474203382419904,1.0
2012-08-01,0.009413704880328666,182130.3966486986,-0.01827590544111901,1.0
2012-08-02,0.01963167076838168,185741.2481884094,0.0,1.0
2012-08-03,0.02192971276727196,189859.49131313906,0.0,1.0
2012-08-06,0.008398208274343233,191460.68503222594,0.0,1.0
2012-08-07,-0.015748419911611578,188469.09996569742,-0.015625061959978814,1.0
2012-08-08,0.016683431753740763,191639.78675810227,0.0,1.0
2012-08-09,0.006258789654535413,192842.98121570295,0.0,1.0
2012-08-10,-0.0004629464042968934,192753.72591276013,-0.00046283926114476515,1.0
2012-08-13,0.008833799654665242,194464.01677155326,0.0,1.0
2012-08-14,-0.011672183182685814,192207.39263065,-0.011604327517075963,1.0
2012-08-15,0.0008894841658051433,192378.43412101726,-0.010724774100424161,1.0
2012-08-16,0.005609201027175992,193460.5555122621,-0.005160138497344646,1.0
2012-08-17,0.014198901881298909,196227.07726389283,0.0,1.0
2012-08-20,0.007069631160253387,197619.24558373058,0.0,1.0
2012-08-21,-0.004860191168123862,196661.10852238373,-0.004848399549935989,1.0
2012-08-22,-0.006622652847520172,195362.99349916514,-0.011417167785965798,1.0
2012-08-23,-0.0029139076898427874,194794.55236480624,-0.014293614018112022,1.0
2012-08-24,0.017452836105738,198224.1104656445,0.0,1.0
2012-08-27,-0.009801525011220669,196290.70254065486,-0.009753646619717005,1.0
2012-08-28,-0.003770973183468307,195551.88946286985,-0.013480807135405448,1.0
2012-08-29,-0.0040060884677988184,194770.05838149282,-0.017424984660230458,1.0
2012-08-30,-0.007395653815733816,193334.91989107826,-0.02466496413116015,1.0
2012-08-31,0.011500839260998319,195571.26902426544,-0.01338304122110745,1.0
2012-09-04,0.010524116696422503,197640.35242241985,-0.0029449396536747052,1.0
2012-09-05,0.0034550865873885783,198324.39799104625,0.0,1.0
2012-09-06,0.03460637602440997,205307.82530566404,0.0,1.0
2012-09-07,0.017752952638647734,208985.19087140527,0.0,1.0
2012-09-10,-0.02593095936206602,203635.66332537966,-0.025597639352911483,1.0
2012-09-11,-0.0025830076480684028,203110.34958636473,-0.028111280328257826,1.0
2012-09-12,0.008390144677818512,204821.64376904577,-0.019922689665228255,1.0
2012-09-13,0.015253405778281603,207969.82058349537,-0.004858575307064128,1.0
2012-09-14,-0.02564968340233431,202703.29166501132,-0.03005906389921853,1.0
2012-09-17,0.009712450450574117,204681.62904171372,-0.020592664062687893,1.0
2012-09-18,0.010317635414781812,206804.39157996443,-0.010435185777267542,1.0
2012-09-19,0.0008897979515856136,206988.48759595377,-0.009554281177177382,1.0
2012-09-20,-0.01110415381146268,204702.76956093122,-0.02049150608527639,1.0
2012-09-21,0.013519548813066606,207489.05083989864,-0.007159072014950807,1.0
2012-09-24,0.0008335538051236213,207662.07623071584,-0.006331140666821611,1.0
2012-09-25,-0.02879665582067048,201767.38394779843,-0.03453740857670706,1.0
2012-09-26,-0.013947482979130399,198972.77100605104,-0.04790970988712384,1.0
2012-09-27,0.03195590102167767,205433.8095219431,-0.01699345936740293,1.0
2012-09-28,-0.006674897499642896,204067.12621022586,-0.023533077347119957,1.0
2012-10-01,-0.011534300042334245,201726.87726004046,-0.03473123421377289,1.0
2012-10-02,0.00639953429885054,203021.97492106343,-0.02853415558048411,1.0
2012-10-03,0.0001439159104199561,203051.19511599452,-0.02839433612816189,1.0
2012-10-04,0.0034761511209930873,203758.25997567608,-0.02501101094261493,1.0
2012-10-05,0.0012655431095067726,204016.28807599747,-0.023776339245326295,1.0
2012-10-08,-0.00518864381042583,202960.4617477648,-0.028828497840058143,1.0
2012-10-09,-0.016166192816239544,199705.7428790884,-0.0444024189160217,1.0
2012-10-10,-0.0009445735273407863,199517.19518370653,-0.04530462492686704,1.0
2012-10-11,0.007510609654196365,201021.33237910343,-0.038107286258394435,1.0
2012-10-12,-0.019513384639450848,197136.74973824035,-0.0566951231508821,1.0
2012-10-15,0.02062182992590067,201244.27706562157,-0.037040489680184585,1.0
2012-10-16,0.005170090105899305,202287.4223653535,-0.03204901016251005,1.0
2012-10-17,0.0037928473433987975,203056.1245413522,-0.028370748689563352,1.0
2012-10-18,-0.004703242972695421,202103.34458468787,-0.03292982750606477,1.0
2012-10-19,-0.015277021719903416,199039.27194470054,-0.0475915010304474,1.0
2012-10-22,0.002269216898788784,199491.44807294157,-0.04542782557404024,1.0
2012-10-23,-0.04023151389182278,191624.90754575265,-0.08306944263976535,1.0
2012-10-24,0.005645989364984949,192709.8797243587,-0.0778778203335051,1.0
2012-10-25,0.006806798325404095,194026.09152314416,-0.07157970995880703,1.0
2012-10-26,0.000607557158653016,194144.00928127635,-0.07101547017875132,1.0
2012-10-31,-0.01071982955958184,192073.9338431812,-0.08092083921214333,1.0
2012-11-01,0.028194159697981114,197566.3603553455,-0.05463942429818436,1.0
2012-11-02,-0.008303222689441725,195932.7145177273,-0.06245646545218386,1.0
2012-11-05,-0.005637880576265353,194831.17735753162,-0.06772735165997013,1.0
2012-11-06,0.009993079735499677,196787.90141413963,-0.058364372166308076,1.0
2012-11-07,-0.029762304543182516,191017.33854155146,-0.08597667736614867,0.5
2012-11-08,0.004476906565683336,191874.42242934788,-0.0818755069232927,1.0
2012-11-09,-0.00016434078063820579,191842.89222790126,-0.08202637982158345,1.0
2012-11-12,0.021893002782467086,196089.22205116213,-0.0617075725149272,1.0
2012-11-13,0.0013972383042455405,196363.39692247246,-0.060395638065566914,1.0
2012-11-14,-0.012305984686713956,193961.7595314308,-0.07188754034355871,1.0
2012-11-15,0.00033136955967272286,194026.04320451806,-0.07157994116478816,1.0
2012-11-16,0.017932803800456476,197536.85947403844,-0.054780586842688384,1.0
2012-11-19,0.028812995232754268,203311.27772458474,-0.02714983355118139,1.0
2012-11-20,0.00021412836086209808,203354.81709656946,-0.026941496435028967,1.0
2012-11-21,0.00037692611301665124,203431.48128480045,-0.026574656144043085,1.0
2012-11-23,0.0016623756504525744,203769.9420723653,-0.024955111782294037,1.0
2012-11-26,0.011944949587253895,206218.55894601758,-0.013238411362315516,1.0
2012-11-27,-0.012963849569907815,203562.4266186213,-0.025948079048915718,1.0
2012-11-28,0.016184390998994047,206883.76494533615,-0.010055381997675528,1.0
2012-11-29,5.837423882848469e-05,206895.84198013126,-0.009997593047440634,1.0
2012-11-30,-0.004808912540369192,205903.2864402635,-0.014746999145208162,1.0
2012-12-03,-0.012445754111538143,203356.54569443807,-0.02693322504574336,1.0
2012-12-04,-0.004495154888856767,202444.47800245218,-0.03129749453384856,1.0
2012-12-05,0.0023524630164999394,202921.28176156306,-0.029015975172965724,1.0
2012-12-06,-0.007139650062695679,201477.65444878448,-0.035923772355910155,1.0
2012-12-07,0.005996375885698235,202689.41966639,-0.03012544180170762,1.0
2012-12-10,0.00021459367762854953,202732.92020167556,-0.02991729052024994,1.0
2012-12-11,0.00998391070813831,204767.12533861678,-0.020183561883980516,1.0
2012-12-12,-0.013426154546802849,202036.26377475602,-0.03325081106309169,1.0
2012-12-13,0.0005041965827521366,202138.15545310272,-0.03276325652431389,1.0
2012-12-14,0.002849044328248951,202714.87718119659,-0.0300036268793179,1.0
2012-12-17,0.004683260796423561,203666.47035859365,-0.025450226834897505,1.0
2012-12-18,0.0016269416522884939,203998.0935150088,-0.023863400729983608,1.0
2012-12-19,-0.020229068798077066,199912.86157623184,-0.04341135014086195,1.0
2012-12-20,-0.008155123147583154,198289.17724286142,-0.051180725217632395,1.0
2012-12-21,-0.006142830240746022,197074.85399773123,-0.05699129600528885,1.0
2012-12-24,-0.010558455344433781,195004.99444126195,-0.06689563203904603,1.0
2012-12-26,-0.013936539879121135,192306.14952179766,-0.07980968067670746,1.0
2012-12-27,0.0002772571549236602,192359.47516980552,-0.07955451595529583,1.0
2012-12-28,-0.051381922935195945,182725.30601514844,-0.12565428558244263,0.5
2012-12-31,0.04263867880027972,190684.960330006,-0.0875671164310391,1.0
2013-01-02,0.02513888842263512,195539.3293460831,-0.06433882453228845,1.0
2013-01-03,-0.008267573482197754,193929.35802066297,-0.07204258248139028,1.0
2013-01-04,0.00796359153924353,195479.89795431713,-0.06462320540883848,1.0
2013-01-07,0.012836912858455563,198005.43171732977,-0.05253845551588232,1.0
2013-01-08,-0.0009508687781094594,197817.24401949602,-0.05343893892836271,1.0
2013-01-09,-0.00397194643865717,197033.08287557296,-0.057191171996425316,1.0
2013-01-10,0.004281155333029751,197878.42032844914,-0.05314620857413033,1.0
2013-01-11,-0.0004977813477626825,197779.94465339542,-0.05361741744133808,1.0
2013-01-14,-0.0026684961652234662,197252.8731863913,-0.056139469194413816,1.0
2013-01-15,0.003969067750907662,198037.3389732176,-0.052385778401514704,1.0
2013-01-16,0.005861350266119558,199201.51366756248,-0.04681516983594769,1.0
2013-01-17,-0.012995267033436342,196629.5844523242,-0.05912192326911736,1.0
2013-01-18,0.01684480290717172,199969.82491258267,-0.04313877897869811,1.0
2013-01-22,0.005539937061083577,201080.71945845216,-0.037823117418003815,1.0
2013-01-23,0.0049710623178071955,202082.7928669126,-0.033028168052060214,1.0
2013-01-24,-0.008331580155668483,200406.1182534139,-0.04105110310553206,1.0
2013-01-25,-0.0069884238341240135,199010.4777039749,-0.047729282279949214,1.0
2013-01-28,-0.011616204275788355,196712.10636184932,-0.05872705361744002,1.0
2013-01-29,0.013342966964314584,199354.41843805232,-0.04608351622043427,1.0
2013-01-30,-0.024663834954425035,194497.7126531504,-0.06932298962355399,1.0
2013-01-31,0.007131045969740235,195889.64184009304,-0.06266256942277937,1.0
2013-02-01,0.013679576678305772,198587.74157254875,-0.049752086525855166,1.0
2013-02-04,-0.018491915395250302,194949.21916355152,-0.06716251830729236,1.0
2013-02-05,0.013621346440539028,197622.85795719904,-0.05436908168865329,1.0
2013-02-06,0.00458776843496711,198531.58879640859,-0.05002077913467606,1.0
2013-02-07,-0.0010773864647477538,198317.80873236715,-0.05104372273728275,1.0
2013-02-08,0.0029139041313488434,198896.53057505056,-0.048274522487876004,1.0
2013-02-11,-0.0009442191415578449,198708.81729887272,-0.04917273577942616,1.0
2013-02-12,0.0038534963042238246,199476.01824558227,-0.045501657730735,1.0
2013-02-13,-0.0010402392577297803,199268.62334928586,-0.04649404812658853,1.0
2013-02-14,0.008444830259924707,200958.53852999138,-0.038407756587656605,1.0
2013-02-15,0.004153630316721113,201794.98194382308,-0.03440535139165213,1.0
2013-02-19,0.00966790046140531,203755.3769250974,-0.025024806420498646,1.0
2013-02-20,-0.03622246220046765,196506.92636967445,-0.059708845634947716,1.0
2013-02-21,0.0010253322189699432,196708.5145823158,-0.05874424038325121,1.0
2013-02-22,0.011795784121729547,199042.58478577438,-0.047575648992989494,1.0
2013-02-25,-0.06583866464308574,186359.97095351262,-0.10826231190618008,1.0
2013-02-26,0.01383170373921594,188955.556162119,-0.09584236388123357,1.0
2013-02-27,0.030205395196520435,194750.10619159922,-0.06811527946286544,1.0
2013-02-28,-0.014800163905364982,191888.99736490857,-0.08180576544783258,1.0
2013-03-01,-0.005094077052401502,190913.98552796722,-0.08647122443502608,1.0
2013-03-04,0.03202994625130717,197127.93521949285,-0.05673730087032114,1.0
2013-03-05,0.0016172003618724062,197446.9885046731,-0.05521062195182991,1.0
2013-03-06,-0.0028642006576626855,196882.26983020653,-0.057912816648553966,1.0
2013-03-07,0.012751099811840305,199408.8091489847,-0.04582325514305552,1.0
2013-03-08,0.004673554641451361,200342.9382659856,-0.04135342111746809,1.0
2013-03-11,0.02248297947867961,204898.26116593138,-0.019556073272142482,1.0
2013-03-12,-0.007265117596435111,203415.04559493763,-0.026653301381029948,1.0
2013-03-13,0.007654274226511326,204978.01419995967,-0.019174452767379724,1.0
2013-03-14,0.003259280425649713,205647.1849445065,-0.01597245198561814,1.0
2013-03-15,-0.0024715034642435185,205139.55477775974,-0.01840147657166702,1.0
2013-03-18,-0.018407388236716393,201398.01300185366,-0.03630485891328172,1.0
2013-03-19,0.00027936836037234514,201454.28509448338,-0.03603559537171164,1.0
2013-03-20,0.02876840640766698,207333.97295838638,-0.007901124027658635,1.0
2013-03-21,-0.01429411676283543,204391.39779898338,-0.02198142869964692,1.0
2013-03-22,0.007575512813693841,205945.6471369236,-0.014544302023543842,1.0
2013-03-25,-0.0020162222570014876,205530.83325844415,-0.016529198066894013,1.0
2013-03-26,0.00950791565996223,207494.32264063676,-0.007133846300553803,1.0
2013-03-27,-0.004451565610041008,206572.70090144846,-0.011543832172497215,1.0
2013-03-28,0.007068253686228765,208037.9815432459,-0.004532423202858515,1.0
2013-04-01,-0.0006593284454750048,207900.8613928504,-0.005188546968488694,1.0
2013-04-02,0.011327642241947267,210269.2769291286,0.0,1.0
2013-04-03,-0.01949075272788736,206210.65176093945,-0.01930203607233172,1.0
2013-04-04,0.008432682469386776,207956.91319507465,-0.010997154543092469,1.0
2013-04-05,0.001788483779492367,208329.17355273475,-0.009226756303764572,1.0
2013-04-08,0.007317309396356109,209859.17348662534,-0.001950372629290431,1.0
2013-04-09,-0.002518154296727637,209331.380518167,-0.004460453874475134,1.0
2013-04-10,0.012350894526056422,211932.842441023,0.0,1.0
2013-04-11,-0.0015828258434584797,211597.65500257953,-0.0015815738352905617,1.0
2013-04-12,0.007053859375703908,213095.5117298315,0.0,1.0
2013-04-15,-0.060102547146178686,200665.21651272534,-0.058332036729453196,1.0
2013-04-16,0.04264652321583551,209407.9897493721,-0.017304550201575952,1.0
2013-04-17,-0.049991541121491956,199196.7265489292,-0.06522326569939008,1.0
2013-04-18,-0.008968263573445157,197418.2645802049,-0.07356911003129263,1.0
2013-04-19,0.04195342172232763,205876.82852383572,-0.03387534137813197,1.0
2013-04-22,0.006612283395313057,207242.65509833462,-0.027465884119217354,1.0
2013-04-23,0.008029554504783043,208913.4200656509,-0.019625432887966032,1.0
2013-04-24,-0.003265006447326968,208232.4287277202,-0.022821142325497923,1.0
2013-04-25,-0.004631230359562366,207270.28605382447,-0.02733621946666054,1.0
2013-04-26,-0.0015242651811195884,206954.59183568746,-0.02881768763825332,1.0
2013-04-29,-0.000801210531744978,206788.84404541997,-0.029595497498827172,1.0
2013-04-30,0.0035851368799910688,207531.54089600994,-0.026110220664223527,1.0
2013-05-01,-0.012219572556217528,205011.0253487392,-0.03793832312780954,1.0
2013-05-02,0.014300953437087927,207963.94291795674,-0.024081074116571233,1.0
2013-05-03,0.003930537934991207,208782.96162232276,-0.02023763932192202,1.0
2013-05-06,0.002143812878818707,209231.0333436811,-0.01813495908374585,1.0
2013-05-07,-0.0013955428537490988,208939.24611845985,-0.019504238158901566,1.0
2013-05-08,-0.0030362909128456295,208305.8079220954,-0.022476793475634582,1.0
2013-05-09,-0.0032410956577137995,207631.76178661827,-0.025639910943503597,1.0
2013-05-10,0.014024120167455578,210564.12843528096,-0.011879101882539378,1.0
2013-05-13,0.004683084668491766,211552.53065612394,-0.007240795740755868,1.0
2013-05-14,0.0003659665682267388,211629.96597827313,-0.006877412572707797,1.0
2013-05-15,-0.00011489352896720817,211605.65246140634,-0.006991509376856442,1.0
2013-05-16,-0.00151122463462805,211286.1102973893,-0.008491034924922314,1.0
2013-05-17,0.006154647782137701,212590.51183602153,-0.002369828860826595,1.0
2013-05-20,0.004742465559045783,213601.10948474516,0.0,1.0
2013-05-21,-0.0008955830605330561,213409.89758522905,-0.0008951821457171549,1.0
2013-05-22,-0.00031091354333501187,213343.55587159112,-0.0012057690794552434,1.0
2013-05-23,-0.002353519749338062,212842.0379970591,-0.0035536870080736804,1.0
2013-05-24,-0.0002746119814061032,212783.5970479379,-0.003827285536012859,1.0
2013-05-28,0.005417504639185111,213939.48134933316,0.0,1.0
2013-05-29,-0.005423763718763297,212782.26522263902,-0.005409081668308668,1.0
2013-05-30,0.00040084164232023767,212867.57431186296,-0.005010328298028943,1.0
2013-05-31,-0.010052179843983211,210738.5099685795,-0.014962041417343253,1.0
2013-06-03,0.005287483942314708,211855.73751451526,-0.009739875135134302,1.0
2013-06-04,-0.0019251457746873868,211448.27667319824,-0.01164443636313739,1.0
2013-06-05,-0.01713705292169898,207855.54867573568,-0.028437634022601355,1.0
2013-06-06,0.01148026116866152,210255.534533044,-0.017219574400452964,1.0
2013-06-07,0.011682194286377623,212726.18374112793,-0.005671218797731359,1.0
2013-06-10,-9.255674134678316e-05,212706.49540991965,-0.005763246370594999,1.0
2013-06-11,-0.017341810730782115,209049.58003986275,-0.022856469870027873,1.0
2013-06-12,-0.015998534473633086,205731.70446832944,-0.03836494708333693,1.0
2013-06-13,0.017282037282108753,209318.06802863994,-0.021601498197273306,1.0
2013-06-14,-0.005143906812040022,208244.119905193,-0.02662136697826456,1.0
2013-06-17,0.01040323003194299,210421.8394051471,-0.01644222899859349,1.0
2013-06-18,0.0038106251939193925,211225.20786364572,-0.01268710884296953,1.0
2013-06-19,0.0036592680064000405,211999.55341381914,-0.009067648118424643,1.0
2013-06-20,-0.03982657660668831,203722.2591671192,-0.047757534597041906,1.0
2013-06-21,0.014342619544575719,206665.22448929868,-0.034001470014581536,1.0
2013-06-24,-0.015857683475581474,203413.84061621898,-0.049199150464085184,1.0
2013-06-25,0.015071891747856725,206502.89245342498,-0.03476024550964141,1.0
2013-06-26,0.014703198232436598,209561.57653289015,-0.020463286107039402,1.0
2013-06-27,0.008831225248382424,211420.4580380507,-0.011774466757583868,1.0
2013-06-28,0.003327071134882509,212125.04038917203,-0.008481094507275189,1.0
2013-07-01,0.004090838796823704,212994.58710925063,-0.004416642660452386,1.0
2013-07-02,0.0048620074679819325,214032.68996935934,0.0,1.0
2013-07-03,0.005116648194249507,215130.62642796212,0.0,1.0
2013-07-05,0.021113043921254793,219720.97640773893,0.0,1.0
2013-07-08,0.004134024066440922,220631.1883348116,0.0,1.0
2013-07-09,0.00040061942703317754,220719.59518263585,0.0,1.0
2013-07-10,0.00023010588219474215,220770.38990366095,0.0,1.0
2013-07-11,0.00366159726435189,221580.24393420437,0.0,1.0
2013-07-12,-0.002105978863045088,221114.09164972743,-0.002103762845460877,1.0
2013-07-15,0.006155391947805455,222479.33303631723,0.0,1.0
2013-07-16,-9.83811654515776e-05,222457.4463368814,-9.83763261832582e-05,1.0
2013-07-17,0.00959504409995482,224602.20843355256,0.0,1.0
2013-07-18,0.002589551910067378,225184.58122825992,0.0,1.0
2013-07-19,0.015844353400789046,228780.90075667528,0.0,1.0
2013-07-22,0.002833086406886842,229429.9758254981,0.0,1.0
2013-07-23,-0.002282868283082884,228906.81479156722,-0.0022802645210092676,1.0
2013-07-24,-0.003982423467779661,227997.02370950178,-0.006245705735880902,1.0
2013-07-25,0.00489568256391415,229115.96151037802,-0.001368671700331503,1.0
2013-07-26,-0.0008218879263024448,228927.73123058246,-0.0021890975366604115,1.0
2013-07-29,-0.006185624870951756,227516.04075764865,-0.008342131672040898,1.0
2013-07-30,0.005809364455878097,228841.61099024242,-0.0025644636588516567,1.0
2013-07-31,0.0031661671882927678,229567.31002627636,0.0,1.0
2013-08-01,0.004594881444329957,230624.57173528758,0.0,1.0
2013-08-02,0.008459292526680429,232583.7674731055,0.0,1.0
2013-08-05,0.00015475336901715764,232619.76337987275,0.0,1.0
2013-08-06,-0.0045271370650858955,231569.04200139432,-0.004516905026519913,1.0
2013-08-07,-0.006085237734222204,230164.16815980375,-0.01055626222118955,1.0
2013-08-08,0.004710394215686975,231250.88955993048,-0.0058845981100361655,1.0
2013-08-09,-0.006051438807161524,229855.71461814563,-0.011882261083781431,1.0
2013-08-12,0.005600209472560458,231146.5659136233,-0.006333070951687336,1.0
2013-08-13,0.009974483387683364,233463.6702440188,0.0,1.0
2013-08-14,-0.003094363722601301,232742.36529774606,-0.0030895811134933338,1.0
2013-08-15,-0.010405728862505015,230333.06833480077,-0.013409375025869696,1.0
2013-08-16,0.00039426630816929986,230423.8988078235,-0.013020318891663551,1.0
2013-08-19,-0.00703496609907539,228808.56306938195,-0.019939321478889105,1.0
2013-08-20,0.0018546891148218947,229233.32560014518,-0.018119926922471552,1.0
2013-08-21,-0.013738839270216019,226105.4615947884,-0.03151757462537763,1.0
2013-08-22,0.006317071194927415,227538.3068210468,-0.02538023760518604,1.0
2013-08-23,0.0055224070967332395,228798.34199273045,-0.019983101638092582,1.0
2013-08-26,-0.0104780706576868,226413.49292681395,-0.030198177343121246,1.0
2013-08-27,-0.017120495551510295,222570.17535526588,-0.046660342816365996,1.0
2013-08-28,-0.002595995917669569,221993.13341197962,-0.04913199908169885,1.0
2013-08-29,0.0030517970369103864,222671.64621381115,-0.046225710488178806,1.0
2013-08-30,-0.002283138815007746,222163.83585669674,-0.0484008255995948,1.0
2013-09-03,0.005932661938777173,223485.77622520988,-0.04273852976088288,1.0
2013-09-04,0.0009424220607865408,223696.4934276707,-0.04183596019945779,1.0
2013-09-05,0.0062645913695513755,225102.25922649284,-0.03581461307785716,1.0
2013-09-06,-0.0008240610173073648,224916.83763960018,-0.03660883338073706,1.0
2013-09-09,0.008176446918588098,226763.39708377307,-0.028699425282068702,1.0
2013-09-10,0.00784614617598578,228549.61414113926,-0.021048483036968157,1.0
2013-09-11,0.01166148458707994,231230.44278430918,-0.009565631592167723,1.0
2013-09-12,-0.0012834852497345395,230933.85229717894,-0.010836024055458693,1.0
2013-09-13,-0.00037219695468504455,230847.91541433538,-0.011204119368762644,1.0
2013-09-16,0.001743226322409086,231250.68653557278,-0.009478921093517445,1.0
2013-09-17,-7.1211556607053694e-06,231249.03976930078,-0.00948597472319046,1.0
2013-09-18,0.01445904720311919,234616.97040915425,0.0,1.0
2013-09-19,-0.0006925971535789444,234454.53162208167,-0.0006923573635330138,1.0
2013-09-20,0.005557525873184588,235761.1461566814,0.0,1.0
2013-09-23,-0.007013537689947391,234113.41145130983,-0.0069890002327887,1.0
2013-09-24,0.006198228259600036,235569.00620830973,-0.0008149771559220476,1.0
2013-09-25,0.0008481875316981302,235768.89766296602,0.0,1.0
2013-09-26,0.00211903115632861,236269.0290126185,0.0,1.0
2013-09-27,-0.015228203307946053,232698.33284989567,-0.015112840551488982,1.0
2013-09-30,-0.012100057159086575,229899.63606380144,-0.026958222054896952,1.0
2013-10-01,0.015216158960823734,233424.57547947703,-0.01203904525713162,1.0
2013-10-02,-0.018406997929440116,229167.2324585715,-0.030058093452729695,1.0
2013-10-03,-0.01566366647435391,225605.60029204283,-0.045132570972753916,1.0
2013-10-04,0.009244416327145899,227700.8622019813,-0.03626445178381632,1.0
2013-10-07,-0.030412750336217265,220880.09755705745,-0.06513308798818129,1.0
2013-10-08,-0.004412958040438397,219907.51052581222,-0.06924952692776531,1.0
2013-10-09,0.008673768856508168,221823.23370127793,-0.06114129884780228,1.0
2013-10-10,0.03289559345388948,229241.58723636423,-0.029743389582724156,1.0
2013-10-11,0.0023789239583553723,229787.5847262512,-0.027432475231534248,1.0
2013-10-14,-0.0077535375439836685,228012.80735366314,-0.034944155370082,1.0
2013-10-15,-0.01669953471225405,224236.71679430178,-0.05092632017239174,1.0
2013-10-16,0.045876441652002775,234763.51936758615,-0.006372014357209466,1.0
2013-10-17,0.016998887961453768,238788.35003535403,0.0,1.0
2013-10-18,0.0036425879887236334,239659.74371160602,0.0,1.0
2013-10-21,-0.008059032072806893,237736.07999576282,-0.008026645134687427,1.0
2013-10-22,0.0029187320915298187,238430.98154416386,-0.0051271112470219204,1.0
2013-10-23,0.0004698592931067225,238543.0368796658,-0.00465955113965244,1.0
2013-10-24,0.005425568486427501,239840.78579255703,0.0,1.0
2013-10-25,0.0014589769921036222,240190.9633691941,0.0,1.0
2013-10-28,0.001396291557656859,240526.5742343544,0.0,1.0
2013-10-29,0.003044714054367681,241260.0248825151,0.0,1.0
2013-10-30,-0.0016160434158418724,240870.45307505876,-0.0016147383208057198,1.0
2013-10-31,0.002362448646111126,241440.16984915143,0.0,1.0
2013-11-01,0.002566294516366696,242060.5721600996,0.0,1.0
2013-11-04,0.01072413351959689,244670.43128198673,0.0,1.0
2013-11-05,-5.640560274855488e-06,244669.0512075638,-5.640544366913858e-06,1.0
2013-11-06,0.003927630598079546,245631.91049952016,0.0,1.0
2013-11-07,-0.00880009188322628,243479.81034571142,-0.008761484407429854,1.0
2013-11-08,0.011941399774985761,246404.72915360623,0.0,1.0
2013-11-11,0.006991374531121863,248133.47300758853,0.0,1.0
2013-11-12,0.0008155636960953672,248335.92420466125,0.0,1.0
2013-11-13,0.008800295298053484,250530.99815377765,0.0,1.0
2013-11-14,0.004246881874629516,251597.23619982984,0.0,1.0
2013-11-15,0.006805939999141586,253315.4322305528,0.0,1.0
2013-11-18,-0.0015870256462529042,252913.73298082867,-0.0015857669869814295,1.0
2013-11-19,-0.0061930982953875,251352.25356079824,-0.007749937113850192,1.0
2013-11-20,0.007394475594357353,253217.7603874748,-0.00038557399451732977,1.0
2013-11-21,0.0050655929782319475,254503.71280240026,0.0,1.0
2013-11-22,-0.0005432373637317411,254365.49442249082,-0.0005430898370302195,1.0
2013-11-25,-0.002408939916174191,253753.48067780767,-0.0029478238896070152,1.0
2013-11-26,-0.0030693223142872483,252975.823507996,-0.006003406699180536,1.0
2013-11-27,-0.003204336130624874,252166.5012992466,-0.009183408278873761,1.0
2013-11-29,-0.003400576666312105,251310.44614444114,-0.012547033686846065,1.0
2013-12-02,-0.009899119771484166,248834.96668690347,-0.022273726591556908,1.0
2013-12-03,-0.010746664654213589,246175.1384852954,-0.032724765487296636,1.0
2013-12-04,0.005699526236202068,247582.2262034214,-0.02719601424578344,1.0
2013-12-05,-0.007662942584474308,245692.2683865004,-0.03462206629080178,1.0
2013-12-06,0.011010612412945875,248412.438615328,-0.023933930550559812,1.0
2013-12-09,-8.28631991316442e-05,248391.85521877508,-0.024014807156744755,1.0
2013-12-10,-0.0029787926825726174,247653.04830065827,-0.0269177389449754,1.0
2013-12-11,-0.009465557942305303,245319.9335587072,-0.03608505016515595,1.0
2013-12-12,-0.0034339331294788167,244478.9660510145,-0.039389392952271396,1.0
2013-12-13,-0.0012709695927517473,244168.4380966914,-0.04060952428514586,1.0
2013-12-16,-0.0070998005816331755,242441.03025959802,-0.04739688238720452,1.0
2013-12-17,0.0013654177165047798,242772.28963976967,-0.046095292809103294,1.0
2013-12-18,0.01976844236719888,247619.270440704,-0.02705045944473683,1.0
2013-12-19,0.00618972326776035,249156.71848080773,-0.021009494371282522,1.0
2013-12-20,-0.0018465176466229138,248697.07070782257,-0.02281554964616972,1.0
2013-12-23,0.011386693071467668,251545.09191940603,-0.011625059809211247,1.0
2013-12-24,0.005845009301410187,253019.68061555334,-0.005831082660861409,1.0
2013-12-26,0.0003949780309042694,253119.63756988393,-0.005438330220317589,1.0
2013-12-27,-0.007581127308055713,251207.96086143277,-0.012949720476283733,1.0
2013-12-30,-0.003131778823155962,250422.46373305033,-0.016036108174652286,1.0
2013-12-31,-0.005251030694247483,249110.934144124,-0.02118939090866334,1.0
2014-01-02,-0.0032049348917180254,248313.82783857937,-0.02432139356892915,1.0
2014-01-03,0.0032777709179923065,249129.07905546212,-0.021118095637021495,1.0
2014-01-06,-0.0007398677091696726,248944.82466479592,-0.021842070893167365,1.0
2014-01-07,0.001816238620620858,249397.37871842665,-0.020063888372183536,1.0
2014-01-08,-0.0027566442697883886,248710.82558962124,-0.022761503747792844,1.0
2014-01-09,0.002101511573362913,249234.0438500737,-0.02070566631150872,1.0
2014-01-10,0.007158541752992242,251024.59738901493,-0.013670195122404971,1.0
2014-01-13,-0.00317406660338726,250229.09175961246,-0.016795908380742075,1.0
2014-01-14,0.014115523450387357,253786.2529051898,-0.0028190547371995667,1.0
2014-01-15,0.0018546778007406672,254257.38139531206,-0.0009678892475704082,1.0
2014-01-16,-0.0059802125698533715,252741.40565368338,-0.006924485027395844,1.0
2014-01-17,0.00491228362274132,253985.99751284716,-0.002034215076284762,1.0
2014-01-21,0.0016251189852134473,254399.09055113795,-0.00041108339878537237,1.0
2014-01-22,-0.0011081678079323254,254117.32981654408,-0.001518182118451783,1.0
2014-01-23,-0.007233406150901622,252285.82794412464,-0.008714548144913015,1.0
2014-01-24,-0.04170706949979586,241980.1294617576,-0.049207861067104064,1.0
2014-01-27,-0.0009212664447790786,241757.3039447771,-0.050083390600747846,1.0
2014-01-28,0.014957993106754941,245400.68896355547,-0.035767744755505704,1.0
2014-01-29,-0.02792674614189483,238642.25597885306,-0.062323086169914665,1.0
2014-01-30,-0.0012283296649586717,238349.3045738058,-0.06347415544832125,1.0
2014-01-31,-0.0231041507727614,232905.57483457937,-0.08486374414737885,1.0
2014-02-03,-0.02092987681326175,228081.54907627386,-0.1038183821964157,1.0
2014-02-04,0.014388328715194021,231386.9841966122,-0.09083061441911522,1.0
2014-02-05,-0.0005858151445163884,231251.4738928953,-0.09136306364048319,1.0
2014-02-06,0.028885438244708794,238028.68418804882,-0.06473394212186934,1.0
2014-02-07,0.019458059545665485,242705.6149345328,-0.04635727211189122,1.0
2014-02-10,-0.0013411243550871532,242380.33469260953,-0.04763536836573956,1.0
2014-02-11,0.007508349290370475,244207.06017123105,-0.04045776982107785,1.0
2014-02-12,0.011346268180654207,246993.67792854918,-0.029508547404500818,1.0
2014-02-13,-0.00343299397659802,246147.20392138613,-0.03283452641613216,1.0
2014-02-14,0.007515711757994481,248004.14473112457,-0.02553820531617168,1.0
2014-02-18,-0.0010702537896305486,247738.85934205094,-0.026580568848524555,1.0
2014-02-19,-0.02083664325008172,242630.22137576868,-0.04665350967139048,1.0
2014-02-20,0.009544114602905829,244956.99786326374,-0.037511102820526276,1.0
2014-02-21,-0.005150893910554011,243698.49434619298,-0.042456034677170185,1.0
2014-02-24,0.006009929188329544,245167.5149738328,-0.03668393567136763,1.0
2014-02-25,0.0015275640140206548,245542.31023611076,-0.03521128421905284,1.0
2014-02-26,-0.0054331122047655,244211.86880511,-0.04043887566104387,1.0
2014-02-27,0.007826298781040464,246130.6425105278,-0.032899599772728716,1.0
2014-02-28,-0.0019376015444274586,245654.20112331098,-0.034771640781367075,1.0
2014-03-03,-0.02603348728523258,239341.49303320167,-0.059575632914128485,1.0
2014-03-04,0.02816922162021296,246179.41389301448,-0.03270796648789509,1.0
2014-03-05,-0.0007702095409722887,245989.8771605128,-0.03345269720484467,1.0
2014-03-06,-0.0009298314370917993,245761.25434633455,-0.0343510055700188,1.0
2014-03-07,-0.008021473396948586,243797.77251939886,-0.04206594931412111,1.0
2014-03-10,0.0001444340075646977,243832.98775179655,-0.04192758106789818,1.0
2014-03-11,-0.0018025709192892592,243393.85739961718,-0.0436530189695461,1.0
2014-03-12,0.005379507607630174,244706.72463067915,-0.038494480350970806,1.0
2014-03-13,-0.018144252674997752,240306.74189757573,-0.055782961861335356,1.0
2014-03-14,-0.013938769304192355,236980.39808544217,-0.06885288440001425,1.0
2014-03-17,0.015381913704526795,240653.78958624005,-0.05441933661263898,1.0
2014-03-18,0.01316749669871431,243843.55207224426,-0.04188607157347313,1.0
2014-03-19,-0.011022856900805955,241170.4591178899,-0.0523892305447915,1.0
2014-03-20,0.0042486032180582,242197.2764317129,-0.0483546437699407,1.0
2014-03-21,-0.005126310836277348,240958.87483678365,-0.053220590837246395,1.0
2014-03-24,0.001259765003156943,241262.61767663268,-0.05202711968311491,1.0
2014-03-25,0.008847549372775099,243406.67142281673,-0.043602669907607194,1.0
2014-03-26,-0.007361434308135628,241621.42823814947,-0.050617275568992426,1.0
2014-03-27,0.006507920445399051,243199.00908842197,-0.04441862002522301,1.0
2014-03-28,0.002129263483502619,243717.3955525287,-0.04238176775930258,1.0
2014-03-31,0.005995437467626985,245182.97696814494,-0.03662318215959404,1.0
2014-04-01,0.01106815792112048,247911.77439989976,-0.0259011482776228,1.0
2014-04-02,-0.0016826146225268346,247494.98516935905,-0.02753880309197243,1.0
2014-04-03,4.478689604692221e-05,247506.06994975652,-0.027495248598109034,1.0
2014-04-04,-0.009100876395250701,245263.76673897053,-0.03630574171860401,1.0
2014-04-07,-0.006936671333050093,243568.33970753048,-0.042967440334986895,1.0
2014-04-08,0.004041849143055387,244554.79840833653,-0.039091431258561626,1.0
2014-04-09,0.00818148559457299,246563.8271821156,-0.031197523732980903,1.0
2014-04-10,-0.02023169023980742,241625.54752252178,-0.050601090011905825,1.0
2014-04-11,-0.00921939367260638,239408.14374381021,-0.05931374789141264,1.0
2014-04-14,0.0014437147140249351,239754.03042435762,-0.05795468449410979,1.0
2014-04-15,0.0043014076528864464,240787.5314066575,-0.053893836143727114,1.0
2014-04-16,0.00908499836152643,242985.05285961213,-0.04525930021198299,1.0
2014-04-17,0.009446049520667188,245291.17643293098,-0.036198043117044776,1.0
2014-04-21,0.0065377016137819766,246900.07045692464,-0.0298763513575111,1.0
2014-04-22,0.004134652636745173,247923.02981774067,-0.02585692331242695,1.0
2014-04-23,-0.00097996920947363,247680.19188848056,-0.026811085931848666,1.0
2014-04-24,-0.006654213758287675,246037.5462666701,-0.033265395001539244,1.0
2014-04-25,-0.002181600666643746,245501.37565944574,-0.03537212500292297,1.0
2014-04-28,0.0064005115824512515,247077.74947575066,-0.029178212156045102,1.0
2014-04-29,0.003210036857036691,247872.15250747753,-0.026056831241874856,1.0
2014-04-30,3.809310909019814e-05,247881.59490826746,-0.026019730011853648,1.0
2014-05-01,0.0009604192916343735,248119.7795343048,-0.025083851224803166,1.0
2014-05-02,0.0025374935898785367,248750.1813664428,-0.02260686640915366,1.0
2014-05-05,0.004774670702296646,249940.7215264396,-0.017928977246408295,1.0
2014-05-06,-0.001782195729757241,249495.67493770496,-0.019677661317984763,1.0
2014-05-07,0.0053784208544769285,250841.18278913238,-0.014390870659366395,1.0
2014-05-08,-0.0009193280265336057,250610.68342808099,-0.01529655238209382,1.0
2014-05-09,0.0031632826605161313,251404.69103065634,-0.012176725194378735,1.0
2014-05-12,0.010314940409557494,254011.33601940886,-0.0019346546169001222,1.0
2014-05-13,-0.0011721230350287826,253713.7779027307,-0.0031038246592609564,1.0
2014-05-14,0.006845843338664004,255456.6214895851,0.0,1.0
2014-05-15,-0.00596485516507439,253937.39522818613,-0.005947100734912447,1.0
2014-05-16,0.006026405437235205,255472.34539806354,0.0,1.0
2014-05-19,0.004391459365701955,256596.70881312725,0.0,1.0
2014-05-20,-0.0012357075853044464,256279.82614116604,-0.0012349444130711484,1.0
2014-05-21,0.007582618185838719,258230.48441371243,0.0,1.0
2014-05-22,0.006040803989633581,259795.12524049793,0.0,1.0
2014-05-23,0.00543594937469738,261211.20376765254,0.0,1.0
2014-05-27,0.010729375337615643,264028.92598371464,0.0,1.0
2014-05-28,0.003039881161714497,264832.76370852493,0.0,1.0
2014-05-29,0.004632250188763898,266062.3810771149,0.0,1.0
2014-05-30,0.003206387347167272,266916.8492753076,0.0,1.0
2014-06-02,0.0040917219549196915,268011.23624435056,0.0,1.0
2014-06-03,-0.0035262958795669874,267067.81369742716,-0.0035200857999224677,1.0
2014-06-04,0.0009266791188240475,267315.41456925083,-0.002596240683227613,1.0
2014-06-05,0.01088656882473149,270241.46062989655,0.0,1.0
2014-06-06,0.011102388833958088,273258.5036062326,0.0,1.0
2014-06-09,-0.0016655985437301624,272803.7434696084,-0.0016642122042777041,1.0
2014-06-10,0.006101337430510334,274473.29924310814,0.0,1.0
2014-06-11,-0.007068250451276903,272540.09346178756,-0.007043329120361097,1.0
2014-06-12,-0.013931248673851648,268769.59450670215,-0.02078054496424464,1.0
2014-06-13,0.006216105883239287,270445.49816524447,-0.014674655381673896,1.0
2014-06-16,-0.0019625498541246955,269915.25587592553,-0.016606509193251018,1.0
2014-06-17,0.010583445661257684,272787.0593017066,-0.006143548192307002,1.0
2014-06-18,0.016688034597279078,277377.53566603997,0.0,1.0
2014-06-19,-0.0023386161241596426,276729.6140039718,-0.0023358836919232795,1.0
2014-06-20,-0.0008498743172022927,276494.5285229268,-0.0031834126040268806,1.0
2014-06-23,0.00707139241377952,278456.65915592376,0.0,1.0
2014-06-24,-0.01362967091730738,274687.1335780323,-0.013537207511279736,1.0
2014-06-25,0.010407360156007073,277560.8293626994,-0.0032171246898524686,1.0
2014-06-26,-0.00718494171749029,275573.71816817316,-0.010353284408746277,1.0
2014-06-27,0.005361141280189052,277055.0751383065,-0.005033400967554003,1.0
2014-06-30,0.0010475462614323305,277345.45521320525,-0.0039905813209383245,1.0
2014-07-01,0.006651403310270254,279196.340360124,0.0,1.0
2014-07-02,0.0005346239676704556,279345.6453228159,0.0,1.0
2014-07-03,0.00016359450938630005,279391.3484749021,0.0,1.0
2014-07-07,-0.00393286665282222,278294.697462029,-0.003925143061370151,1.0
2014-07-08,-0.0040601317951409754,277167.07500937063,-0.007961139375549653,1.0
2014-07-09,0.00356759407646301,278157.6605773085,-0.004415626698277775,1.0
2014-07-10,-0.018048217014140278,273182.4427117126,-0.022222970743660087,1.0
2014-07-11,0.0036987393620844244,274194.7443314441,-0.0185997317806168,1.0
2014-07-14,0.008127428410242388,276432.32304994384,-0.01059097012527599,1.0
2014-07-15,-0.007957892842227032,274241.2340338888,-0.01843333542404213,1.0
2014-07-16,0.013241833888189447,277896.8409538232,-0.005349154614976093,1.0
2014-07-17,-0.0316240851143883,269246.11420354585,-0.03631191275870016,1.0
2014-07-18,0.01802111965473774,274142.21474665427,-0.01878774613781342,1.0
2014-07-21,-0.010810344272993433,271194.6040741878,-0.029337860479422107,1.0
2014-07-22,0.01214469304101673,274508.2602350263,-0.017477592869395653,1.0
2014-07-23,0.001889825619437957,275027.5234819162,-0.015619041236625386,1.0
2014-07-24,-0.004418338270952837,273815.03940423223,-0.01995877503404797,1.0
2014-07-25,-0.007390228967551593,271798.9424531547,-0.027174807177071214,1.0
2014-07-28,0.0022441502610375252,272409.58505140676,-0.024989189756971064,1.0
2014-07-29,-0.004530026909039364,271178.3531631593,-0.02939602588474788,1.0
2014-07-30,-0.0020924525210039846,270611.5185784862,-0.031424845272918556,1.0
2014-07-31,-0.030716684417883222,262425.5957841261,-0.06072397296260612,1.0
2014-08-01,-0.009476334481842486,259950.50895925175,-0.06958282574521713,1.0
2014-08-04,0.018361443454651294,264767.6651628481,-0.052341217406621565,1.0
2014-08-05,-0.016997663387599005,260305.26613218675,-0.06831307571583545,1.0
2014-08-06,0.002404635337597938,260931.95855508852,-0.06607001262056544,1.0
2014-08-07,-0.0026300351931336508,260246.59997472542,-0.06852305414853055,1.0
2014-08-08,0.009538193050604882,262740.7582584013,-0.059595940630912336,1.0
2014-08-11,0.01632064658766197,267064.0407375344,-0.04412200952054557,1.0
2014-08-12,0.003536794955883771,268010.2638018413,-0.040735279510930034,1.0
2014-08-13,0.015864200865203237,272295.9369687832,-0.02539595998534039,1.0
2014-08-14,0.007583533277514931,274368.7519649163,-0.017976922110875537,1.0
2014-08-15,-0.0018016040180199866,273874.89312157506,-0.019744546076460145,1.0
2014-08-18,0.00936671258850108,276452.2523785945,-0.010519638894873062,1.0
2014-08-19,-0.005616138028447182,274904.0100118026,-0.016061121747664275,1.0
2014-08-20,0.0,274904.0100118026,-0.016061121747664275,1.0
2014-08-21,0.005608390718415457,276450.11062558275,-0.010527304676306248,1.0
2014-08-22,-0.002634443231285921,275722.77698311146,-0.013130583719990097,1.0
2014-08-25,0.003733638781405979,276754.1504259979,-0.00943908271784255,1.0
2014-08-26,0.001551891357537194,277183.97623542114,-0.007900646356912011,1.0
2014-08-27,0.0008141330852300399,277409.7327666311,-0.007092616572015986,1.0
2014-08-28,-0.00221996356015719,276794.5763337251,-0.009294389949265902,1.0
2014-08-29,-0.006192188598990178,275085.90777252935,-0.015410071664261005,1.0
2014-09-02,0.0019884864052226447,275633.45657665905,-0.01345028011338234,1.0
2014-09-03,0.005470763298304426,277145.5142582906,-0.008038309807625543,1.0
2014-09-04,-0.002622045040178378,276419.7781094503,-0.010635871087893545,1.0
2014-09-05,0.0038394410816326996,277483.11556580785,-0.006829964204369987,1.0
2014-09-08,-0.0028150264077142495,276703.0916768184,-0.009621832647138007,1.0
2014-09-09,-0.008874350137336506,274258.3951478169,-0.018371912212400754,1.0
2014-09-10,0.0026632244795399274,274989.7803086309,-0.015754131938221394,1.0
2014-09-11,0.0015946276852707442,275428.63643854985,-0.014183374173836416,1.0
2014-09-12,-0.007434386166428553,273388.5862505601,-0.021485139955510157,1.0
2014-09-15,-0.005939822517153637,271769.5198139087,-0.027280116949212174,1.0
2014-09-16,0.017941387560076016,276689.4452669847,-0.009670675998616707,1.0
2014-09-17,0.004747588504569578,278006.1760714713,-0.004957821389216077,1.0
2014-09-18,0.006005594762952704,279680.79200567864,0.0,1.0
2014-09-19,-0.0012357940125573563,279335.3776319575,-0.0012350307335875499,1.0
2014-09-22,-0.01897394883318615,274085.2478242847,-0.02000689479340545,1.0
2014-09-23,-0.006325377068387539,272357.0268697409,-0.026186157023572187,1.0
2014-09-24,0.01710505855568112,277055.7814342871,-0.009385737763994428,1.0
2014-09-25,-0.025623393505322944,270046.85188038374,-0.03444619866887144,1.0
2014-09-26,0.011155384987239003,273076.1938005194,-0.02361477224730235,1.0
2014-09-29,-0.01391285012633503,269303.2328233968,-0.03710501213852091,1.0
2014-09-30,0.0006568660021413208,269480.1870725578,-0.036472311380302824,1.0
2014-10-01,-0.004977169622807587,268142.2707516752,-0.04125603753928575,1.0
2014-10-02,0.005286367049527563,269563.5225358441,-0.0361743450355686,1.0
2014-10-03,0.01575848891466869,273845.08317752584,-0.020865604628416246,1.0
2014-10-06,-0.006910415072747256,271959.2235283573,-0.027608504759828456,1.0
2014-10-07,-0.01776121673875064,267171.54021554574,-0.0447268891811452,1.0
2014-10-08,0.023511545558059233,273527.5834600962,-0.022000826375868865,1.0
2014-10-09,-0.02709156502892629,266216.7709655015,-0.048140671168807936,1.0
2014-10-10,-0.02805316230792254,258852.3295811992,-0.07447226631157611,1.0
2014-10-13,-0.03679682322495026,249500.50015446256,-0.10790977683802938,1.0
2014-10-14,0.014067536594305707,253035.16126699722,-0.09527157924431362,1.0
2014-10-15,-0.02956331920552202,245664.09545521362,-0.12162686005900014,0.5
2014-10-16,0.007126485553329065,247421.07017400223,-0.11534478860822661,1.0
2014-10-17,0.009776806519934844,249851.92172579275,-0.10665326734086278,1.0
2014-10-20,0.03626720397047567,259079.67328334993,-0.07365939782489761,1.0
2014-10-21,0.020526951486401934,264452.7469155487,-0.05444794753663584,1.0
2014-10-22,-0.020583740237970716,259064.96088990054,-0.07371200205754391,1.0
2014-10-23,0.010366952256455342,261764.6445378036,-0.06405927035386572,1.0
2014-10-24,0.0050390441088046245,263087.0170763949,-0.059331121062281555,1.0
2014-10-27,-0.004496585817938659,261906.6794600163,-0.06355142381498058,1.0
2014-10-28,0.019297558042447704,267009.9204857622,-0.0453047612925066,1.0
2014-10-29,-0.01068079646976372,264173.2179582124,-0.055447404651054355,1.0
2014-10-30,0.0059815778463931935,265758.12602628715,-0.0497805583270402,1.0
2014-10-31,0.009062105340317927,268177.39945850236,-0.04113043468120159,1.0
2014-11-03,-0.002309578277286839,267558.73746141157,-0.043342463589780444,1.0
2014-11-04,0.0030729575225558747,268382.19867909094,-0.040398174095410466,1.0
2014-11-05,0.008988070009842808,270805.3099042347,-0.03173432840273038,1.0
2014-11-06,0.005411106159748158,272274.6379445878,-0.026480739016716104,1.0
2014-11-07,0.0009779282596360517,272541.03324393125,-0.025528241358821813,1.0
2014-11-10,0.010242791736393642,275346.960016962,-0.015495636856708517,1.0
2014-11-11,-0.0019575513879823703,274808.48141492595,-0.01742096965548412,1.0
2014-11-12,-0.00570065954624166,273246.34864595183,-0.0230063827894057,1.0
2014-11-13,-0.0017721749487762395,272762.53713797574,-0.024736253133759822,1.0
2014-11-14,0.001167735071060605,273081.2375612788,-0.02359673825675468,1.0
2014-11-17,-0.001010493233931875,272805.43019261817,-0.024582888813189818,1.0
2014-11-18,0.003967718570174306,273889.9955662846,-0.020705020169123678,1.0
2014-11-19,-0.0009533624055775292,273629.0035709941,-0.021638198287716848,1.0
2014-11-20,0.007909264842819397,275801.7890700891,-0.013869393417302533,1.0
2014-11-21,0.005855384275640141,277421.4517751917,-0.008078281723548075,1.0
2014-11-24,0.012331078077506774,280863.5360468189,0.0,1.0
2014-11-25,0.004962124194865858,282260.6793269467,0.0,1.0
2014-11-26,0.00531518582299384,283764.9414630512,0.0,1.0
2014-11-28,-0.016235036561871752,279195.2025748924,-0.01610395866592218,1.0
2014-12-01,-0.011702644663947659,275946.9241229314,-0.02755103325946906,1.0
2014-12-02,0.020908898537582488,281777.41249219317,-0.007004138568389107,1.0
2014-12-03,0.00048195338459322556,281913.24880060065,-0.006525445507480576,1.0
2014-12-04,0.004147338493799779,283084.86633715953,-0.0023966143329239298,1.0
2014-12-05,0.007170291970230558,285121.96203885286,0.0,1.0
2014-12-08,-0.0176468225590245,280134.6003362387,-0.017492029259866593,1.0
2014-12-09,-0.0033689619551253713,279192.42549212684,-0.020796491804156436,1.0
2014-12-10,-0.032825716886754286,270176.5203108922,-0.0524177149353513,1.0
2014-12-11,-0.01868462923909142,265175.2412236121,-0.06995855623539327,1.0
2014-12-12,0.0009737898081816354,265433.59194012964,-0.06905245024948425,1.0
2014-12-15,0.007667702222905248,267476.68057065504,-0.06188678466583131,1.0
2014-12-16,-0.02559449645323486,260717.61601765006,-0.08559265602232802,1.0
2014-12-17,0.031130427105825476,268961.5191149916,-0.05667905344190616,1.0
2014-12-18,-0.0022954721474439665,268344.8335022391,-0.058841937031590685,1.0
2014-12-19,0.011000093420401313,271312.946571245,-0.048431960024623244,1.0
2014-12-22,0.0015991313663272777,271747.15870278596,-0.04690906039095066,1.0
2014-12-23,0.01634107639090754,276224.28065104125,-0.031206580244418802,1.0
2014-12-24,-0.00471041268011696,274926.20992144913,-0.035759266120700905,1.0
2014-12-26,0.0063753021759058726,276684.54659403,-0.029592302832403772,1.0
2014-12-29,-0.0064078424573192905,274917.2638907644,-0.03579064227503426,1.0
2014-12-30,-0.005571574142335223,273389.8011094025,-0.04114786825103167,1.0
2014-12-31,-0.024526514306143277,266766.06288558774,-0.06437911349236503,1.0
2015-01-02,0.007345059457648517,268732.68913051597,-0.05748162221927877,1.0
2015-01-05,-0.014991271098137027,264734.09145192796,-0.071505788053418,1.0
2015-01-06,-0.010867338244980651,261872.71248215187,-0.0815414196452986,1.0
2015-01-07,0.010680181309706605,264684.5492669357,-0.07167954592404291,1.0
2015-01-08,0.009607188407258604,267239.6777478386,-0.06271801780242192,1.0
2015-01-09,-0.009060017808629972,264829.4165001368,-0.0711714572725578,1.0
2015-01-12,-0.012710296518651631,261484.657557682,-0.08290243344337633,1.0
2015-01-13,-0.00594255540455535,259935.37839061115,-0.08833617539714322,1.0
2015-01-14,-0.005249331509538102,258574.4664823097,-0.09310926231955985,1.0
2015-01-15,-0.012188697592532272,255441.91017803497,-0.10409598632312111,1.0
2015-01-16,0.013402147497326489,258888.42409143614,-0.09200812788964297,1.0
2015-01-20,0.0011302729135902467,259181.20409431294,-0.09098126906479775,1.0
2015-01-21,0.016082523128519988,263383.19050639926,-0.07624376381603082,1.0
2015-01-22,0.01472609891850496,267290.4964999291,-0.06253978266498428,1.0
2015-01-23,-0.00532588032073722,265870.72343141,-0.06751931162994584,1.0
2015-01-26,0.019699879650981522,271160.2753888915,-0.048967419240959154,1.0
2015-01-27,-0.011306162508334161,268111.75923314714,-0.059659391665478845,1.0
2015-01-28,-0.02941297790434838,260340.64010051786,-0.08691481273883106,1.0
2015-01-29,0.010748392177712063,263153.97573261306,-0.07704768215380853,1.0
2015-01-30,-0.02469211605635646,256735.71355858113,-0.09955826719656058,1.0
2015-02-02,0.011453473350957033,259693.13324589017,-0.08918579477752597,1.0
2015-02-03,0.016056970775683688,263896.6760642194,-0.07444283079021863,1.0
2015-02-04,-0.009689216284216151,261352.071612046,-0.08336744829066445,1.0
2015-02-05,0.012753297229186167,264706.5169161448,-0.07160249942418007,1.0
2015-02-06,-0.008069521291978354,262579.05737629207,-0.07906407665463844,1.0
2015-02-09,-0.0022853240728357704,261979.66430003176,-0.08116631063189572,1.0
2015-02-10,0.01144863996476353,264996.2098783358,-0.0705864676877278,1.0
2015-02-11,0.0011089861465833906,265290.25001707283,-0.06955518922487491,1.0
2015-02-12,0.016988162515127136,269835.5426702991,-0.05361361593910008,1.0
2015-02-13,-0.0025872400095972026,269138.315693981,-0.05605897992064812,1.0
2015-02-17,0.002284985306888032,269753.9959331322,-0.05389962244867874,1.0
2015-02-18,0.009538084670379199,272339.2419347649,-0.04483246401884011,1.0
2015-02-19,0.007601784678297641,274417.395040089,-0.03754381781823313,1.0
2015-02-20,0.0104424819333504,277298.00792758475,-0.027440727663770592,1.0
2015-02-23,-0.0015968809733770684,276855.54938560695,-0.028992549693942715,1.0
2015-02-24,0.010929816281638693,279898.12679396995,-0.01832140606612087,1.0
2015-02-25,-0.00526639061883305,278427.94858907827,-0.023477719506091232,1.0
2015-02-26,0.004792504580909629,279765.5184027555,-0.01878649963613621,1.0
2015-02-27,0.0022905285102385875,280407.06375731126,-0.01653642619399165,1.0
2015-03-02,0.005127043469085102,281848.4147394563,-0.011481217637491103,1.0
2015-03-03,-0.008491249867775608,279465.3015486346,-0.019839441513970213,1.0
2015-03-04,-0.0013682136321584437,279083.1947747979,-0.021179593535597507,1.0
2015-03-05,0.0054023882306859505,280594.9905184859,-0.015877316107098305,1.0
2015-03-06,-0.015917163411257818,276164.07158203964,-0.0314177497684045,1.0
2015-03-09,0.007818167591793213,278331.6307059818,-0.023815532427999164,1.0
2015-03-10,-0.01193520600011766,275029.43077490863,-0.03539724261075672,1.0
2015-03-11,0.00046582333521261177,275157.5757457755,-0.03494780346566062,1.0
2015-03-12,0.017769156010837506,280090.5916045853,-0.017646379809851176,1.0
2015-03-13,-0.006603429418091444,278247.12644700904,-0.024111911768154193,1.0
2015-03-16,0.004373834126865539,279466.7986018091,-0.01983419094272776,1.0
2015-03-17,0.003019150665942938,280311.8259634899,-0.016870450950065785,1.0
2015-03-18,0.018441691618848566,285529.2110516439,0.0,1.0
2015-03-19,0.004520784636159014,286822.94927468523,0.0,1.0
2015-03-20,0.009529570188392178,289569.31375427404,0.0,1.0
2015-03-23,0.001842505259480376,290103.3385585289,0.0,1.0
2015-03-24,0.005207412531547995,291617.9665428583,0.0,1.0
2015-03-25,-0.011316311246622135,288336.5287719628,-0.011252522640484264,1.0
2015-03-26,0.001000162576574759,288625.05644073646,-0.01026311971653493,1.0
2015-03-27,0.006721251059948585,290571.5118875107,-0.0035884437017147386,1.0
2015-03-30,0.0097238143116547,293410.7570884636,0.0,1.0
2015-03-31,-0.00898711427531218,290785.6548007392,-0.008946850871363599,1.0
2015-04-01,0.007215487436185164,292891.40290306375,-0.0017700584346443948,1.0
2015-04-02,0.008258444648958196,295320.24576998904,0.0,1.0
2015-04-06,0.0029756765200028568,296200.3320678697,0.0,1.0
2015-04-07,-0.0007143231331836475,295988.82486985275,-0.0007140680651516185,1.0
2015-04-08,0.0114643324566428,299401.6647477946,0.0,1.0
2015-04-09,0.012472623626688772,303159.3745611944,0.0,1.0
2015-04-10,0.010813117675362527,306455.259836566,0.0,1.0
2015-04-13,-0.013779442527344976,302261.4378187776,-0.013684940568567838,1.0
2015-04-14,0.014987460454058521,306825.68698045216,0.0,1.0
2015-04-15,0.007685832814267712,309192.9835832565,0.0,1.0
2015-04-16,0.004633524952029511,310628.9612376791,0.0,1.0
2015-04-17,-0.010269980002520995,307455.13348723896,-0.010217423828719263,1.0
2015-04-20,0.009528389041870255,310398.6870031078,-0.0007413160500354676,1.0
2015-04-21,0.0013222503071288472,310809.38322409557,0.0,1.0
2015-04-22,0.00438587907593746,312175.54932428355,0.0,1.0
2015-04-23,0.002942269786346152,313095.4065816078,0.0,1.0
2015-04-24,0.002384901338416512,313842.99934896844,0.0,1.0
2015-04-27,-0.009870167161151855,310760.55363460234,-0.009821616925533738,1.0
2015-04-28,0.009706873124983417,313791.75484295655,-0.00016328070442284126,1.0
2015-04-29,-0.00805842384565203,311273.24910542637,-0.00818801199603858,1.0
2015-04-30,-0.008350269253631915,308684.85559537285,-0.016435427154008808,1.0
2015-05-01,0.017693376551823015,314195.13697164046,0.0,1.0
2015-05-04,-0.000217103787209183,314126.93142159074,-0.00021708022188737797,1.0
2015-05-05,-0.015188330807901274,309391.91717738437,-0.015287377903272947,1.0
2015-05-06,-0.0060884386236033095,307513.9262963982,-0.021264526051035904,1.0
2015-05-07,0.004173850517644517,308800.12579182565,-0.01717089332385746,1.0
2015-05-08,0.015120180605053157,313504.7169688892,-0.002197424216701327,1.0
2015-05-11,-0.006910541241941459,311345.6982786752,-0.009069009534741657,1.0
2015-05-12,0.00528159480003243,312994.4502870402,-0.003821468072908507,1.0
2015-05-13,0.0020909749874569172,313649.59856443177,-0.0017363044268184913,1.0
2015-05-14,0.010025234961799079,316809.82401882135,0.0,1.0
2015-05-15,-0.00017468030486966768,316754.48841533676,-0.0001746650491536439,1.0
2015-05-18,0.00789220124751644,319264.2694051135,0.0,1.0
2015-05-19,0.0006190816893170137,319461.9812619359,0.0,1.0
2015-05-20,0.0016313096829110307,319983.54798805085,0.0,1.0
2015-05-21,0.010676790793652025,323418.2485491583,0.0,1.0
2015-05-22,0.0017702639049401725,323991.29126953403,0.0,1.0
2015-05-26,-0.014601781279464099,319294.8132157939,-0.014495692261780713,1.0
2015-05-27,0.009553246570034979,322359.73194733146,-0.0050358122769579294,1.0
2015-05-28,0.0016712781923917674,322898.93519124447,-0.0033715600009162072,1.0
2015-05-29,-0.0030241644004469492,321923.91078663996,-0.006380975472498718,1.0
2015-06-01,-0.0009201642750147343,321627.82414972526,-0.00729484768108335,1.0
2015-06-02,-0.002323090635320213,320881.52076422196,-0.009598315106331023,1.0
2015-06-03,0.009117471669717325,323820.5267314305,-0.0005270652104085727,1.0
2015-06-04,-0.009625533898542038,320718.53439070995,-0.010101372990613533,1.0
2015-06-05,0.006165160621105947,322701.92334287724,-0.003979637605703856,1.0
2015-06-08,-0.008414626322845287,319997.8998728749,-0.012325613386123258,1.0
2015-06-09,0.007356003404161093,322360.4844503286,-0.005033489674414637,1.0
2015-06-10,0.01189147729965967,326216.7094983854,0.0,1.0
2015-06-11,0.007144062864477441,328555.56670246355,0.0,1.0
2015-06-12,-0.0073060457276517,326163.87226124457,-0.007279421454407631,1.0
2015-06-15,-0.014698689547317123,321404.752854917,-0.021764397174320993,1.0
2015-06-16,0.008036604389568325,323998.16284924303,-0.013871029180728023,1.0
2015-06-17,0.0003427756837437457,324109.2405773299,-0.013532950209180994,1.0
2015-06-18,0.013586662965972884,328542.8543989768,-3.8691487148856396e-05,1.0
2015-06-19,-0.010043779137339115,325259.55848259956,-0.010031813653149313,1.0
2015-06-22,0.016727500736315015,330746.09810291784,0.0,1.0
2015-06-23,0.010939763533281521,334384.24616153573,0.0,1.0
2015-06-24,-0.013233894244426558,329988.1930207379,-0.013146711279795609,1.0
2015-06-25,-0.001614249082852126,329455.9395931846,-0.014738453216394443,1.0
2015-06-26,0.0003243888144179863,329562.82875071844,-0.014418793547134157,1.0
2015-06-29,-0.05561227089901788,311735.3977749085,-0.06773300072182797,1.0
2015-06-30,-0.0011545080347641345,311375.7044278392,-0.06880868939794926,1.0
2015-07-01,0.01827320196255222,317117.8393781449,-0.05163642420836334,1.0
2015-07-02,-0.016038231800342473,312072.3980912434,-0.06672517717689919,1.0
2015-07-06,-0.0015040644314723295,311603.3739069459,-0.06812782754001134,1.0
2015-07-07,0.013280945049979564,315769.364102477,-0.055669135949862336,1.0
2015-07-08,-0.033509676382545095,305363.35954473924,-0.08678903671429827,1.0
2015-07-09,-0.003942664865425272,304161.7844163954,-0.09038243306037907,1.0
2015-07-10,0.031838686091489876,314001.7099259391,-0.060955432169941814,1.0
2015-07-13,0.031318449491314126,323991.37044504395,-0.031080638025845153,1.0
2015-07-14,0.006110909982596446,325977.31432699366,-0.02514153083181081,1.0
2015-07-15,0.0031096713773655082,326992.5743954795,-0.022105322995645604,1.0
2015-07-16,0.022038692770058432,334279.06067637,-0.0003145647152136277,1.0
2015-07-17,0.0013236069154567431,334721.8076996458,0.0,1.0
2015-07-20,0.004418096659545512,336203.91263070534,0.0,1.0
2015-07-21,0.0016989989513493953,336775.6082433064,0.0,1.0
2015-07-22,0.004880246859971571,338423.1733401687,0.0,1.0
2015-07-23,-0.0027723990789843,337486.2286385358,-0.002768559529731651,1.0
2015-07-24,-0.015515338548017787,332290.4270858166,-0.018121531672382618,1.0
2015-07-27,-0.021400778153673805,325254.70684123103,-0.0389112434853901,1.0
2015-07-28,0.031987013956260135,335826.817406399,-0.00767192124624394,1.0
2015-07-29,0.008903093930237915,338830.0643632456,0.0,1.0
2015-07-30,0.0033579248209747448,339969.74265258614,0.0,1.0
2015-07-31,-0.0017671293369518892,339369.50265372416,-0.0017655688832148853,1.0
2015-08-03,-0.0001154702918757522,339330.3178205846,-0.0018808286496689863,1.0
2015-08-04,-0.0034158399689765417,338173.1971529035,-0.005284427624838828,1.0
2015-08-05,0.0022520148063431833,338935.6263787268,-0.003041789148030438,1.0
2015-08-06,-0.009332790198304686,335787.1262854932,-0.012302907707193,1.0
2015-08-07,0.002227034178684306,336535.7690095411,-0.010100821373842717,1.0
2015-08-10,0.013169847587332306,340997.20754355076,0.0,1.0
2015-08-11,-0.015454963731864169,335767.6236754727,-0.015336148661599158,1.0
2015-08-12,0.00371863481712964,337018.54527013097,-0.011667726847621296,1.0
2015-08-13,0.004681291627949058,338599.925928658,-0.007030208933856419,1.0
2015-08-14,-0.004769450325810887,336988.8354636329,-0.011754853093352446,1.0
2015-08-17,0.005411077017653199,338817.25039212214,-0.006392888572702482,1.0
2015-08-18,-0.0009755661963453122,338486.8729146529,-0.007361745414226628,1.0
2015-08-19,-0.013130475478297043,334071.4311931972,-0.020310360897805912,1.0
2015-08-20,-0.03377486446478439,322976.63123696554,-0.05284669759145666,1.0
2015-08-21,-0.05170241107584772,306702.2969762114,-0.10057240883111729,1.0
2015-08-24,-0.07195639564378542,285408.4079311893,-0.16301834262165305,0.5
2015-08-25,0.00048187482109307567,285545.972198416,-0.16261492504466546,0.5
2015-08-26,0.007603716249411807,287725.4583434383,-0.15622341773373272,0.5
2015-08-27,-0.0005380252283182507,287570.69642466167,-0.15667726871946797,0.5
2015-08-28,0.006853880885572927,289548.44159689895,-0.1508773820092969,0.5
2015-08-31,-0.007046325084363314,287515.3604371083,-0.15683954567168112,0.5
2015-09-01,-0.009456334825437285,284809.3336339983,-0.16477517312917112,0.5
2015-09-02,0.01680940430155875,289637.27258100774,-0.15061687845635374,0.5
2015-09-03,0.003425360788022136,290631.08585004887,-0.14770244617639383,1.0
2015-09-04,-0.026953226308015665,282902.2666225915,-0.17036779080819786,0.5
2015-09-08,0.015151484106528113,287221.29302361206,-0.1577019205152015,1.0
2015-09-09,-0.010986334345068016,284083.0543026216,-0.16690504198237555,0.5
2015-09-10,0.00586891493037367,285755.2156682062,-0.1620013028062386,1.0
2015-09-11,0.009376362575986619,288447.160782908,-0.1541069709608437,1.0
2015-09-14,-0.0011889592274823002,288104.41266659833,-0.15511210563270428,1.0
2015-09-15,0.025087187242214704,295423.5666401181,-0.13364813522002872,1.0
2015-09-16,0.007824950647053797,297744.30947658385,-0.1268423820199256,1.0
2015-09-17,-0.02433325484334148,290586.6589543242,-0.14783273139498754,1.0
2015-09-18,-0.008669729246950197,288078.240664041,-0.15518885700186014,1.0
2015-09-21,0.02558545295384196,295543.95248716575,-0.1332950946543452,1.0
2015-09-22,-0.029260653571658857,287021.4385054734,-0.1582880089455977,1.0
2015-09-23,0.006751956518342261,288965.9520261149,-0.15258557655722338,1.0
2015-09-24,-0.005387304275009441,287413.3903335584,-0.1571385806822153,1.0
2015-09-25,-0.0042869863738594916,286183.890353369,-0.1607441819979749,1.0
2015-09-28,-0.020834554101614167,280283.06063526403,-0.17804880968279646,0.5
2015-09-29,0.0036939812645844228,281320.3356677884,-0.17500692250724859,0.5
2015-09-30,0.004950867707183004,282716.5688640092,-0.1709123634747014,1.0
2015-10-01,0.008899261132203407,285243.7658508755,-0.1635011679254137,1.0
2015-10-02,0.010641944194195396,288295.5236055045,-0.15455165840710128,1.0
2015-10-05,0.008421986580110286,290733.7977804194,-0.14740123570282293,1.0
2015-10-06,-0.003636075737087907,289678.5872476485,-0.15049572008400702,1.0
2015-10-07,0.0067155341927520595,291630.4803721281,-0.14477164645143836,1.0
2015-10-08,0.013102014748962887,295476.5679563179,-0.13349270486744125,1.0
2015-10-09,0.006125711077061169,297292.1271599213,-0.12816844072849964,1.0
2015-10-12,0.015665825943854017,301986.1255604931,-0.11440293679846436,1.0
2015-10-13,-0.021317293593825504,295616.7290091323,-0.13308167202109022,1.0
2015-10-14,0.0058890173967096615,297362.75721817947,-0.12796131276177236,1.0
2015-10-15,0.01850383974697678,302916.33280333277,-0.1116750339820729,1.0
2015-10-16,0.005140405258622138,304477.4544748644,-0.10709692707387408,1.0
2015-10-19,0.01504632357614799,309093.3598965341,-0.0935604366875703,1.0
2015-10-20,-0.014651905408150867,304597.5696008917,-0.10674468041797758,1.0
2015-10-21,-0.018663504255874486,298965.432753536,-0.12326134601746452,1.0
2015-10-22,0.031247637806692374,308454.88568264974,-0.09543281041896756,1.0
2015-10-23,-0.009723777499520914,305470.07434454525,-0.10418599452744237,1.0
2015-10-26,-0.0009758213599289078,305172.13551236107,-0.10505972259791674,1.0
2015-10-27,0.0036175520905725733,306278.1108647636,-0.10181636655881698,1.0
2015-10-28,0.006292498785493095,308211.4418676273,-0.09614672774625632,1.0
2015-10-29,-0.001024271206698124,307895.911384128,-0.09707204465947195,1.0
2015-10-30,-0.005649914620913243,306161.2307857868,-0.10215912619552714,1.0
2015-11-02,0.008423348562140553,308751.0256084089,-0.09456435777710437,1.0
2015-11-03,-0.003001091977250958,307825.82438387966,-0.09727758006767429,1.0
2015-11-04,-0.009517329756929094,304910.0417471071,-0.10582833230924549,1.0
2015-11-05,0.012221531878025438,308659.3741666933,-0.09483313253445746,1.0
2015-11-06,0.0056139594837665285,310397.0484402459,-0.08973727182031754,1.0
2015-11-09,-0.02335027716069682,303233.1562609745,-0.11074592532477912,1.0
2015-11-10,0.013681927189357346,307410.48199522385,-0.0984956029120484,1.0
2015-11-11,-0.007855445365957614,305005.09580816515,-0.10554957911433582,1.0
2015-11-12,-0.019319834047209383,299169.0056487839,-0.12266435316607327,1.0
2015-11-13,-0.01600363006311145,294419.3230100785,-0.13659315531938343,1.0
2015-11-16,0.02367754350888429,301473.63415387576,-0.11590585645669027,1.0
2015-11-17,-0.008773599821835454,298840.19439689495,-0.12362861693309235,1.0
2015-11-18,0.010155096704787425,301890.4068585623,-0.11468363910280377,1.0
2015-11-19,-0.0012000507127902793,301528.3403531628,-0.11574542640601293,1.0
2015-11-20,0.0156051468006293,306270.64027523,-0.10183827462541795,1.0
2015-11-23,0.0033556253623476806,307300.09607147815,-0.09881931794930887,1.0
2015-11-24,-0.003220648723044839,306311.9824470224,-0.10171703559214196,1.0
2015-11-25,0.013570840447959753,310497.2279052246,-0.0894434879922904,1.0
2015-11-27,-0.00817169868155787,307970.27692010393,-0.09685396212292663,1.0
2015-11-30,-0.0002476341042827457,307894.0224184304,-0.0970775841936844,1.0
2015-12-01,0.011279524890413839,311386.5808788537,-0.08683539339809798,1.0
2015-12-02,-0.009850163237321574,308334.4290024512,-0.09578605870820223,1.0
2015-12-03,-0.021685227376314842,301720.10258412955,-0.11518306921737742,1.0
2015-12-04,0.027785062013965245,310220.96596469835,-0.09025364694495863,1.0
2015-12-07,-0.00538589510907439,308554.6397385579,-0.09514027413508774,1.0
2015-12-08,-0.014845431925133212,304007.84590247786,-0.10847408959015825,1.0
2015-12-09,-0.015837188265258817,299231.1410392032,-0.12248213645272554,1.0
2015-12-10,0.002537101707504874,299991.2847512809,-0.12025295775195677,1.0
2015-12-11,-0.04521588518333264,286729.00556798116,-0.15914559056510358,1.0
2015-12-14,0.019494550359928198,292373.49827153835,-0.1425926904864826,1.0
2015-12-15,0.017414672399995723,297509.67961629515,-0.12753045176096223,1.0
2015-12-16,0.013379342184407506,301516.910704403,-0.11577894471204864,1.0
2015-12-17,-0.013741657121528306,297401.9069404363,-0.1278465032519267,1.0
2015-12-18,-0.013047183631418768,293546.8531323962,-0.13915173896283128,1.0
2015-12-21,0.02095978796916409,299764.46522732277,-0.12091812309331573,1.0
2015-12-22,0.012633273112646393,303575.4937818762,-0.10974199475488422,1.0
2015-12-23,-0.001055914301416827,303255.1132533907,-0.11068153479039788,1.0
2015-12-24,-0.005871434474681969,301479.7876808698,-0.11588781077520682,1.0
2015-12-28,-1.061200840180021e-05,301476.5883918054,-0.11589719293140521,1.0
2015-12-29,0.003664748187914846,302583.4511206043,-0.11265123459417303,1.0
2015-12-30,-0.009891877379366143,299605.08781324973,-0.1213855093667141,1.0
2015-12-31,-0.0036706247179809637,298507.3658674549,-0.12460466166916995,1.0
2016-01-04,-0.016579363793655766,293599.104012578,-0.13899850932040037,1.0
2016-01-05,0.0022064164513775353,294247.6210920611,-0.13709668412905984,1.0
2016-01-06,-0.010895486162000978,291059.05225535424,-0.14644740245217003,1.0
2016-01-07,-0.03392995443095792,281349.0926439313,-0.17492259050831516,0.5
2016-01-08,-0.005747803865354673,279736.59185024595,-0.17965137056285385,0.5
2016-01-11,0.011804499237892063,283058.30926861684,-0.16991018399332258,1.0
2016-01-12,0.005097851149107768,284504.98272573773,-0.16566770509579043,1.0
2016-01-13,-0.019938215907734147,278888.6369659214,-0.18213806214145356,0.5
2016-01-14,0.004773106586895892,280222.98411329516,-0.17822498860930924,1.0
2016-01-15,-0.02114202128657361,274360.69252638234,-0.19541660032115626,0.5
2016-01-19,0.0015855324375118052,274796.04534576635,-0.19413989538119447,0.5
2016-01-20,-0.003921477873294776,273720.54888031736,-0.19729386978818908,0.5
2016-01-21,-0.002611660955475603,273006.61629082734,-0.1993875308906743,0.5
2016-01-22,0.011065815742222096,276044.4341706541,-0.1904789011053739,0.5
2016-01-25,-0.007071088287015748,274099.38451881317,-0.19618290573887964,0.5
2016-01-26,0.005053035791214633,275487.9237338294,-0.19211090988583768,0.5
2016-01-27,-0.0039727930560577995,274395.63837187807,-0.19531411899660966,0.5
2016-01-28,0.002030707680978683,274953.4218582709,-0.19367837690238277,0.5
2016-01-29,0.007914801103621638,277138.2583726901,-0.1872711792301256,1.0
2016-02-01,-0.0009258573042663087,276881.7866383194,-0.18802330191235606,1.0
2016-02-02,-0.016615629059777426,272319.23140912823,-0.20140333884010253,0.5
2016-02-03,0.0024616952928067093,272990.42417631747,-0.1994350154863006,0.5
2016-02-04,-3.692473856897749e-05,272980.34426237317,-0.1994645755933082,0.5
2016-02-05,-0.00345455351377133,272038.94604638417,-0.20222529678152723,0.5
2016-02-08,-0.006785285063486857,270199.3324583826,-0.2076201022148434,0.5
2016-02-09,-0.0017047837921984055,269739.09343122726,-0.2089697878338863,0.5
2016-02-10,-0.0010802685713136029,269447.86009956844,-0.20982385151891403,0.5
2016-02-11,-0.003013656035203205,268637.05928084644,-0.21220158600114858,0.5
2016-02-12,0.005985579880924963,270249.82972623385,-0.20747201517267955,0.5
2016-02-16,0.008009503559768483,272423.08844291134,-0.2010987702645084,0.5
2016-02-17,0.004116514905772917,273546.8335169508,-0.19780330317803407,0.5
2016-02-18,0.0026509898902724593,274272.9654660924,-0.19567386653433694,1.0
2016-02-19,0.00393816123428703,275355.226286366,-0.19250005514722945,1.0
2016-02-22,0.01518043012241943,279567.12539378274,-0.18014834371311506,1.0
2016-02-23,-0.014603810708094578,275514.04724090087,-0.19203430073334737,1.0
2016-02-24,0.00407755581795044,276639.7646752676,-0.18873304955162618,1.0
2016-02-25,0.013385625805601542,280367.6554618206,-0.1778007289810043,1.0
2016-02-26,-0.008868081357357838,277892.32422485226,-0.1850598243114322,1.0
2016-02-29,-0.002125073826136692,277302.4095482787,-0.18678979354145353,1.0
2016-03-01,0.025774895308123824,284542.7589099475,-0.16555692358974272,1.0
2016-03-02,-0.00017740880558214656,284492.28299652034,-0.16570494800844915,1.0
2016-03-03,0.009843475350890252,287306.50390539767,-0.15745203318503986,1.0
2016-03-04,-0.006985439058475151,285306.5352932846,-0.16331709180683995,1.0
2016-03-07,0.003201966618622265,286221.54142314516,-0.16063376739942914,1.0
2016-03-08,-0.011184545330362283,283038.11936823966,-0.16996939239717612,1.0
2016-03-09,0.008841374088231824,285551.66046779504,-0.16259824376618814,1.0
2016-03-10,0.0027665001055368066,286342.73291307624,-0.1602783642252973,1.0
2016-03-11,0.0135612222174597,290252.3399526457,-0.1488131470531885,1.0
2016-03-14,0.0020756852224721456,290855.43814994546,-0.14704451615546266,1.0
2016-03-15,0.0017374806842962442,291361.2331329173,-0.14556123426404932,1.0
2016-03-16,0.013688615914346336,295376.9874999644,-0.13378473205754893,1.0
2016-03-17,0.007620674702215169,297636.55822765257,-0.12715837067481073,1.0
2016-03-18,0.0012012914905010774,297994.3213381796,-0.12610920340125964,1.0
2016-03-21,0.013740112722045339,302117.055458715,-0.11401897500838076,1.0
2016-03-22,0.0032356762626912783,303096.191673257,-0.11114758429642924,1.0
2016-03-23,-0.012330406812310457,299381.8391260365,-0.12204020296031104,1.0
2016-03-24,0.004804892644171943,300823.79817766487,-0.11781154941204353,1.0
2016-03-28,0.004614352374383124,302215.11272416386,-0.11373141469034997,1.0
2016-03-29,0.015498352793908765,306935.4332731103,-0.09988871907723829,1.0
2016-03-30,0.0009557215528976926,307228.9183046833,-0.09902805211258137,1.0
2016-03-31,-0.0022758274774625775,306530.51331660815,-0.10107617735415231,1.0
2016-04-01,0.006413887355953385,308502.8840203396,-0.0952920516777579,1.0
2016-04-04,-0.0072728774785906225,306267.3196899285,-0.10184801249196951,1.0
2016-04-05,-0.013113521268258488,302277.29549135576,-0.11354905904104762,1.0
2016-04-06,0.018896051519502244,308043.4500456253,-0.0966393764198693,1.0
2016-04-07,-0.021683832049953722,301435.78624872665,-0.11601684828979575,1.0
2016-04-08,0.008116988954683713,303892.4942436437,-0.10881236701965713,1.0
2016-04-11,-0.0049620187149370665,302388.30898387247,-0.11322350361108846,1.0
2016-04-12,0.017349768877403804,307680.45223681076,-0.09770389484050224,1.0
2016-04-13,0.01621379123834199,312709.7809218924,-0.08295500958917856,1.0
2016-04-14,0.004219625903401081,314032.0870703575,-0.07907724719343734,1.0
2016-04-15,0.003922010175449131,315266.1425184073,-0.07545828662499288,1.0
2016-04-18,0.009864068599044096,318391.33760447893,-0.06629341659985499,1.0
2016-04-19,0.005608846862307892,320182.1633983844,-0.06104168504813323,1.0
2016-04-20,-0.0019362906293656224,319562.79750540515,-0.06285802218895908,1.0
2016-04-21,0.0007115310960053023,319790.2572857136,-0.062190979247619405,1.0
2016-04-22,0.01110653171410192,323361.8150156526,-0.051717117142801916,1.0
2016-04-25,0.0004680035010027339,323513.1848952245,-0.05127321356757231,1.0
2016-04-26,0.006052222956765441,325477.0958383745,-0.04551389677639539,1.0
2016-04-27,0.00589723815351384,327402.182554337,-0.03986843495625236,1.0
2016-04-28,-0.016012254278211735,322201.48412663204,-0.05511987488788517,1.0
2016-04-29,-0.004686743114206138,320694.94168588956,-0.05953792409009184,1.0
2016-05-02,0.018931383205678998,326823.9729879503,-0.04156407806885132,1.0
2016-05-03,-0.011782909371342853,322995.63450932107,-0.052790969063670756,1.0
2016-05-04,-0.0009200787809318101,322698.5897529192,-0.05366207518955857,1.0
2016-05-05,0.0037762957763503024,323919.49888054,-0.050081667196144486,1.0
2016-05-06,0.01613262554257222,329187.55035735836,-0.03463270937397378,1.0
2016-05-09,0.0061605756179528015,331221.7947783638,-0.028667134360443436,1.0
2016-05-10,0.01477950311682985,336153.44220640836,-0.014204706754156526,1.0
2016-05-11,-0.015247199827976843,331066.9196544019,-0.029121317328912766,1.0
2016-05-12,0.008969322843062955,334049.72260388505,-0.020374022971371142,1.0
2016-05-13,-0.009899413653873701,330759.1405081333,-0.030023902861755603,1.0
2016-05-16,0.008242282509852927,333496.61681589315,-0.021996047362644933,1.0
2016-05-17,-0.0030155834889349364,332492.44476790493,-0.0249408575422414,1.0
2016-05-18,0.0012906098506313413,332921.8398235245,-0.02368162419334441,1.0
2016-05-19,0.0024096583801869187,333725.0350492128,-0.021326193685645256,1.0
2016-05-20,0.01367555790900532,338320.2606116495,-0.007850348544450658,1.0
2016-05-23,-0.010898008931706116,334653.2611790269,-0.018604100632447662,1.0
2016-05-24,0.017171895532390735,340449.51593040174,-0.0016061469156725128,1.0
2016-05-25,0.004694980143945315,342051.677763693,0.0,1.0
2016-05-26,0.005507457489377643,343940.70994551043,0.0,1.0
2016-05-27,0.007009327987909764,346359.97198548575,0.0,1.0
2016-05-31,0.002009621803711781,347056.72440705897,0.0,1.0
2016-06-01,-0.000194669082990373,346989.1697683862,-0.0001946501361937969,1.0
2016-06-02,0.010140286254138431,350525.63938083156,0.0,1.0
2016-06-03,0.0006916066692221889,350768.1491017645,0.0,1.0
2016-06-06,0.008864955018757392,353891.51676773827,0.0,1.0
2016-06-07,-0.0003460144363387485,353769.0863766017,-0.0003459545802475539,1.0
2016-06-08,0.0012122610509344156,354198.20691154397,0.0,1.0
2016-06-09,-0.002031233229060625,353479.4779441896,-0.002029171670916541,1.0
2016-06-10,-0.026253636087065324,344320.1157345424,-0.027888597356644618,1.0
2016-06-13,-0.046353568430701486,328723.9120057351,-0.07192101599817169,1.0
2016-06-14,0.00199949791287235,329381.85233765875,-0.07006346754342196,1.0
2016-06-15,0.0012956284608565127,329808.8854184069,-0.06885783444755811,1.0
2016-06-16,0.006312303636249794,331897.3237389919,-0.06296159251342959,1.0
2016-06-17,0.0002670132998892072,331985.95657117374,-0.06271135738955735,1.0
2016-06-20,0.022590012968024098,339570.87276156177,-0.04129703048901989,1.0
2016-06-21,-0.004848107947375446,337928.58073586214,-0.045933677410583074,1.0
2016-06-22,-0.02174727290300016,330658.8901521118,-0.06645803479550294,1.0
2016-06-23,0.050812801840336874,347894.7886144532,-0.017796302110204998,1.0
2016-06-24,-0.08613060780298998,319184.5603874884,-0.09885325741583928,1.0
2016-06-27,-0.0032885633111190415,318136.62579676637,-0.10181186807584108,1.0
2016-06-28,0.06312667007193618,338866.9666005813,-0.04328435325702096,1.0
2016-06-29,0.018706274302250137,345265.5654175347,-0.025219330080459956,1.0
2016-06-30,0.008801890500481413,348317.9688717946,-0.016601546605846895,1.0
2016-07-01,0.00674269847125597,350674.50769524864,-0.009948382424124769,1.0
2016-07-05,-0.002317225456438088,349862.8565516215,-0.012239899229656848,1.0
2016-07-06,0.014312454445944311,354906.2583845929,0.0,1.0
2016-07-07,0.004592756776949258,356540.005337391,0.0,1.0
2016-07-08,0.01864073030266855,363248.5028122538,0.0,1.0
2016-07-11,0.0010613603158677876,363634.2450274657,0.0,1.0
2016-07-12,0.007754136036565384,366464.8747920907,0.0,1.0
2016-07-13,-0.0015231424533412863,365907.121460356,-0.0015219830605897045,1.0
2016-07-14,0.0014877598355962363,366451.90853490034,-3.538199178754198e-05,1.0
2016-07-15,-0.0004465722514606085,366288.2978157765,-0.00048183874761353884,1.0
2016-07-18,0.012559739735299225,370917.7952888028,0.0,1.0
2016-07-19,0.004570823308017502,372617.0755893634,0.0,1.0
2016-07-20,0.003670435889196355,373987.2557174257,0.0,1.0
2016-07-21,-0.002259128853474124,373143.32395143295,-0.002256578942439802,1.0
2016-07-22,0.007329420659617725,375888.29557646514,0.0,1.0
2016-07-25,0.004051281055279077,377414.2135815299,0.0,1.0
2016-07-26,0.003244420446187668,378640.69250354817,0.0,1.0
2016-07-27,0.00851022953447167,381876.76202431374,0.0,1.0
2016-07-28,0.006107060011309784,384216.0421183662,0.0,1.0
2016-07-29,0.008969048696477522,387677.59472201153,0.0,1.0
2016-08-01,0.004997905002360525,389620.02049839974,0.0,1.0
2016-08-02,-0.00798382190642588,386521.74812830996,-0.007952035847969219,1.0
2016-08-03,0.009642540524861687,390266.8267670169,0.0,1.0
2016-08-04,0.011456071157282643,394763.4589955285,0.0,1.0
2016-08-05,0.012916684598589967,399895.56764727656,0.0,1.0
2016-08-08,0.004848786291506535,401839.2843189135,0.0,1.0
2016-08-09,0.0009357802979632623,402215.49360129057,0.0,1.0
2016-08-10,-0.008019688518718482,399002.7504439662,-0.007987616609590686,1.0
2016-08-11,0.006526513855050986,401615.36377773696,-0.0014920604330287413,1.0
2016-08-12,0.005554948986937092,403852.5245400928,0.0,1.0
2016-08-15,0.004909957115453167,405840.29906700907,0.0,1.0
2016-08-16,-0.010226571475653756,401711.09403301874,-0.010174457892631605,1.0
2016-08-17,0.013384995864936577,407124.14135787514,0.0,1.0
2016-08-18,0.009145307140359549,410864.49394227215,0.0,1.0
2016-08-19,-0.0008441727813917055,410517.7996751664,-0.0008438165677915332,1.0
2016-08-22,-0.0008212523286408313,410180.7993763157,-0.0016640390591952103,1.0
2016-08-23,0.0024494345938874673,411186.7419083265,0.0,1.0
2016-08-24,-0.010371040959639366,406944.3444303611,-0.01031744714889482,1.0
2016-08-25,0.001550395054553455,407575.75827341544,-0.00878185813616561,1.0
2016-08-26,-0.0013955506878513546,407007.3623485163,-0.010164188515450756,1.0
2016-08-29,0.009603571228514518,410934.9156261792,-0.0006124377478188281,1.0
2016-08-30,0.0030947524429807416,412208.62735488114,0.0,1.0
2016-08-31,-0.0008475956863849277,411859.3891277602,-0.0008472365786276193,1.0
2016-09-01,0.0018657217719040275,412628.52142735024,0.0,1.0
2016-09-02,0.012703595078895624,417903.8237897142,0.0,1.0
2016-09-06,0.011023791937011751,422536.19482818304,0.0,1.0
2016-09-07,0.003787770448181682,424139.69987760944,0.0,1.0
2016-09-08,-0.0014806966597742388,423512.14236653625,-0.0014796009693369694,1.0
2016-09-09,-0.048967776011540565,403273.2650232664,-0.049197080255312886,1.0
2016-09-12,0.019716737116672434,411303.4018835506,-0.030264316209406616,1.0
2016-09-13,-0.03886487946359729,395624.7918584991,-0.0672299905605126,1.0
2016-09-14,-0.007614041330339383,392623.92719334486,-0.07430517042700513,1.0
2016-09-15,0.013294581863735111,397878.5497457297,-0.06191627461295812,1.0
2016-09-16,0.015025817732623459,403902.1416801351,-0.0477143691178028,1.0
2016-09-19,0.00602871814818684,406344.5086253327,-0.04195596700193771,1.0
2016-09-20,-0.005704743961320702,404033.0167469863,-0.04740580317387211,1.0
2016-09-21,0.03103599016791847,416769.19918960345,-0.017377530776140127,1.0
2016-09-22,0.013885029520798398,422596.4137259201,-0.0036386269715725783,1.0
2016-09-23,-0.005060631694814077,420463.21114939573,-0.008668108006099406,1.0
2016-09-26,-0.016818583943289944,413450.75046434614,-0.02520148294617952,1.0
2016-09-27,0.013326607419580583,418997.52404882165,-0.01212377862829539,1.0
2016-09-28,0.0058393912148710925,421451.3720262609,-0.006338307524912934,1.0
2016-09-29,-0.015463047939669572,414984.5762961197,-0.021585160700900108,1.0
2016-09-30,0.0025337804438692046,416037.3893353324,-0.019102928927933638,1.0
2016-10-03,0.00395755252560015,417687.14149341895,-0.015213285589753656,1.0
2016-10-04,-0.0013555009389385475,417121.34973320446,-0.01654726059935019,1.0
2016-10-05,0.006124029575632406,419683.65101202024,-0.010506087656673158,1.0
2016-10-06,0.0027606747422028732,420843.86181254906,-0.007770642705720365,1.0
2016-10-07,-0.0062177520095589855,418235.27721519495,-0.013920938464657473,1.0
2016-10-10,0.00898419521178706,422009.71434211987,-0.005021896172662466,1.0
2016-10-11,-0.01729635213775449,414773.24835575925,-0.02208341149048998,1.0
2016-10-12,-0.004447768880280201,412932.52939013974,-0.026423299895538377,1.0
2016-10-13,-0.007281679425803489,409936.6079939112,-0.03348682494894184,1.0
2016-10-14,0.004652017653621776,411848.08299165434,-0.02898011407444756,1.0
2016-10-17,0.0017209366426289563,412557.45766823326,-0.02730761164945983,1.0
2016-10-18,0.012805047920458001,417874.24388584384,-0.014772151707500125,1.0
2016-10-19,0.0119138912170067,422882.5270001551,-0.0029640537724175964,1.0
2016-10-20,0.009834603126939179,427061.9265045328,0.0,1.0
2016-10-21,0.0027731544451592427,428247.8788388351,0.0,1.0
2016-10-24,0.011511426294004146,433206.10611324455,0.0,1.0
2016-10-25,-0.009135731107169143,429266.4747209587,-0.009094127106454075,1.0
2016-10-26,-0.007442330264881392,426083.5905731483,-0.016441401539788902,1.0
2016-10-27,-0.0078707724124083,422743.14678425586,-0.024152381929384847,1.0
2016-10-28,-0.012456664927892547,417509.8395020367,-0.036232791712092594,1.0
2016-10-31,-0.014789282261505221,411380.60385330714,-0.05038133570128389,1.0
2016-11-01,-0.008737110690764993,407801.9821534685,-0.05864211884662396,1.0
2016-11-02,-0.011866992126060794,402991.2004531369,-0.06974718323155216,1.0
2016-11-03,-0.014526161966459838,397179.5973398892,-0.08316251378953932,1.0
2016-11-04,0.0023465726284426225,398112.7024829059,-0.08100856182568417,1.0
2016-11-07,0.04303025951425621,415617.5127370691,-0.04060098213753616,1.0
2016-11-08,0.004244102539765038,417385.1845152545,-0.03652054154992512,1.0
2016-11-09,0.01722891798475068,424638.58432110574,-0.019777010691301666,1.0
2016-11-10,-0.007484786321426462,421472.1201899682,-0.0270863816499598,1.0
2016-11-11,0.0047847932469409216,423493.6094919026,-0.02242003629284728,1.0
2016-11-14,0.007989820097210831,426890.80064488325,-0.01457806198768219,1.0
2016-11-15,0.025130314965727152,437754.6349774214,0.0,1.0
2016-11-16,-0.009724786835914045,433518.1970807077,-0.009677654005724401,1.0
2016-11-17,0.011627279139466928,438588.2525253567,0.0,1.0
2016-11-18,0.0028433589876177834,439837.09098169015,0.0,1.0
2016-11-21,0.011353924296206408,444859.42566627666,0.0,1.0
2016-11-22,0.002071822231234144,445782.0507416907,0.0,1.0
2016-11-23,0.0014424693933872135,446425.5417024379,0.0,1.0
2016-11-25,0.0028417399828732925,447695.9712739794,0.0,1.0
2016-11-28,-0.0015140847111370093,447018.6345506213,-0.0015129390631561934,1.0
2016-11-29,0.004328659887695707,448957.8201926811,0.0,1.0
2016-11-30,-0.006912689669254846,445865.0162200046,-0.006888851989144906,1.0
2016-12-01,-0.010645771318567476,441143.6152862748,-0.017405209476143324,1.0
2016-12-02,0.0001793732860884134,441222.75176345836,-0.017228942411345094,1.0
2016-12-05,0.03226136854800021,455689.30222241307,0.0,1.0
2016-12-06,0.007729869914415488,459225.3703162532,0.0,1.0
2016-12-07,-0.0031736126338239856,457770.27705171483,-0.00316858204836612,1.0
2016-12-08,-0.0003629585523441392,457604.155564081,-0.0035303248839578805,1.0
2016-12-09,0.007416436010310612,461010.5635917662,0.0,1.0
2016-12-12,-0.0070858598509735415,457755.4535947072,-0.007060814337307542,1.0
2016-12-13,0.0037004212465570063,459452.47951984685,-0.0033797144685366876,1.0
2016-12-14,-0.0015422616536175937,458744.42971839826,-0.004915579061165798,1.0
2016-12-15,0.009685313477109325,463209.09928752296,0.0,1.0
2016-12-16,0.004427082139493166,465264.3099543662,0.0,1.0
2016-12-19,0.011733438952907349,470755.613267807,0.0,1.0
2016-12-20,0.007219936138266547,474166.7379658063,0.0,1.0
2016-12-21,0.00663618340486849,477323.8594356425,0.0,1.0
2016-12-22,-0.0034293316241988947,475689.7611633951,-0.0034234581824161836,1.0
2016-12-23,-0.00010020276805811079,475642.0981206139,-0.0035233129075445957,1.0
2016-12-27,0.005716580034448526,478368.9308952632,0.0,1.0
2016-12-28,-0.015687068140129767,470923.2778013522,-0.015564666961076501,1.0
2016-12-29,-0.0034250679013005936,469313.0926693868,-0.018930657158123698,1.0
2016-12-30,-0.006665626666427116,466195.229603613,-0.025448352736594404,1.0
2017-01-03,0.027369603079740124,479131.0242766966,0.0,1.0
2017-01-04,0.011420799069074228,484634.4503748913,0.0,1.0
2017-01-05,0.0033213884174143615,486246.78573882533,0.0,1.0
2017-01-06,0.0018649083711101966,487154.43752061925,0.0,1.0
2017-01-09,0.0002539850447069725,487278.18317631976,0.0,1.0
2017-01-10,0.0014872020569391964,488003.40343350195,0.0,1.0
2017-01-11,0.006775472797998283,491321.08395379275,0.0,1.0
2017-01-12,0.001997509728535185,492303.4834484473,0.0,1.0
2017-01-13,0.00842533820121183,496468.829378039,0.0,1.0
2017-01-17,0.004129247618312348,498523.1105081389,0.0,1.0
2017-01-18,-0.0015607126765342372,497745.6660115739,-0.0015594953978613768,1.0
2017-01-19,-0.005562628937052949,494984.5781398266,-0.007098030750681827,1.0
2017-01-20,0.009979222221458528,499948.8679194399,0.0,1.0
2017-01-23,0.0036366730278523107,501770.32850353635,0.0,1.0
2017-01-24,0.007271488283073779,505432.2432178556,0.0,1.0
2017-01-25,0.003391855005372868,507149.5068100659,0.0,1.0
2017-01-26,0.002849427692267703,508596.65344960126,0.0,1.0
2017-01-27,0.005983217334883939,511648.8195441868,0.0,1.0
2017-01-30,-0.009396372568518885,506863.6932335477,-0.009352364606063368,1.0
2017-01-31,-0.0038236473491757295,504929.32574283466,-0.013133019259847778,1.0
2017-02-01,0.005477114263428007,507702.4688330985,-0.007713006578621728,1.0
2017-02-02,-0.004856981833958329,505242.54590126924,-0.012520841245416636,1.0
2017-02-03,0.00688342753894311,508732.3434605531,-0.005700152081327792,1.0
2017-02-06,0.00020884371932350376,508838.60011043237,-0.005492477117914563,1.0
2017-02-07,0.0003044881285134693,508993.55901387136,-0.005189615276902093,1.0
2017-02-08,0.002808385464218688,510425.01823018485,-0.00239187752859904,1.0
2017-02-09,0.007650351077110429,514344.9240273283,0.0,1.0
2017-02-10,0.01039170855338778,519717.7144604062,0.0,1.0
2017-02-13,0.005022932751331588,522334.7887816124,0.0,1.0
2017-02-14,0.013651734281152628,529514.4605032981,0.0,1.0
2017-02-15,-0.03100305061795261,513349.7690120675,-0.030527384419051007,1.0
2017-02-16,0.0012258783812759688,513979.459278918,-0.029338200149650717,1.0
2017-02-17,-0.0028577574976349496,512512.72740574303,-0.03210815636912934,1.0
2017-02-21,0.00140030545841352,513230.90449172904,-0.030751862746282166,1.0
2017-02-22,0.00016491840386745338,513315.55269314453,-0.030592002708966004,1.0
2017-02-23,-0.005028023073177401,510741.06795850315,-0.035453975188800335,1.0
2017-02-24,0.008307213543997882,515001.5750454466,-0.027407911474329083,1.0
2017-02-27,-0.006143584413353942,511847.3185377872,-0.03336479602222475,1.0
2017-02-28,-0.007770840246988264,507885.2490369103,-0.040847253625197366,1.0
2017-03-01,0.0071478420146533495,511528.53787331865,-0.03396682049605215,1.0
2017-03-02,0.0037059852993097664,513427.7722083925,-0.030380073623702986,1.0
2017-03-03,0.008649351623936319,517887.8501295106,-0.021957115888273315,1.0
2017-03-06,0.0018744376090555903,518859.5089655041,-0.02012211626414606,1.0
2017-03-07,0.001563121898028541,519671.18383408186,-0.018589249970360155,1.0
2017-03-08,-0.0004212341354712379,519452.32669051614,-0.01900256662153854,1.0
2017-03-09,-0.00178307193384164,518526.9310944624,-0.0207501970737346,1.0
2017-03-10,0.005083902279246821,521169.7836510973,-0.01575911042026923,1.0
2017-03-13,0.01054751323261005,526695.9211127743,-0.005322875201264177,1.0
2017-03-14,-0.005454162938609564,523831.05556364794,-0.010733238397773182,1.0
2017-03-15,0.00674565497260371,527376.584140058,-0.0040374277242740675,1.0
2017-03-16,0.01031417165908266,532844.1851745045,0.0,1.0
2017-03-17,-0.0023487525022147793,531594.1346655887,-0.0023459963413251517,1.0
2017-03-20,0.0031693488229143085,533281.614604309,0.0,1.0
2017-03-21,-0.014377714692846766,525669.10011625,-0.014274848934567874,1.0
2017-03-22,-0.004440066523247133,523340.2682526348,-0.018641832156637506,1.0
2017-03-23,-0.007785215565072612,519281.77009057166,-0.026252254213048554,1.0
2017-03-24,0.003547185523411045,521127.0296722106,-0.022792056953092166,1.0
2017-03-27,0.004985151800338095,523731.4132525136,-0.01790836415555319,1.0
2017-03-28,0.01452995887518771,531396.7628978837,-0.0035344396934138267,1.0
2017-03-29,-0.0037321614698022643,529417.2006948902,-0.0072464787901719285,1.0
2017-03-30,0.0012993294271517186,530105.5351327483,-0.005955726551565621,1.0
2017-03-31,-0.013362867577823678,523068.9244211747,-0.019150651182137657,1.0
2017-04-03,-0.003204730693967761,521395.31255405594,-0.022288977764726714,1.0
2017-04-04,0.0015627093748538101,522210.7388682184,-0.020759905147499036,1.0
2017-04-05,-0.012765021812072064,515587.0729572727,-0.03318048318647826,1.0
2017-04-06,0.003139032688999066,517208.0604686676,-0.03014083684015212,1.0
2017-04-07,-0.007626257574931294,513278.7007784681,-0.037509100779112514,1.0
2017-04-10,-0.0172300481143024,504510.6380561182,-0.05395081277935787,1.0
2017-04-11,-0.012065624859590507,498459.97786175273,-0.06529690090365037,1.0
2017-04-12,-0.01172655214330387,492648.8994877314,-0.07619372954893022,1.0
2017-04-13,-0.00344280422105836,490955.72208864515,-0.07936874506178004,1.0
2017-04-17,0.01770823748730166,499727.1163664457,-0.06292078578925031,1.0
2017-04-18,-0.00015358297168699409,499650.37268429395,-0.06306469414845506,1.0
2017-04-19,-0.009154363637295049,495097.2636856926,-0.07160260146404795,1.0
2017-04-20,0.008552442940212401,499349.7132793071,-0.06362848520509945,1.0
2017-04-21,-0.0058768238253845695,496423.7291549512,-0.06911523750299564,1.0
2017-04-24,0.04640584588661234,520003.582285529,-0.02489872509224267,1.0
2017-04-25,-0.00309895289717943,518394.6100299262,-0.02791584064908903,1.0
2017-04-26,0.004529127583076331,520747.810306674,-0.02350316222121207,1.0
2017-04-27,0.002358978003329071,521977.69299924327,-0.021196908529188874,1.0
2017-04-28,0.00013025779181763397,522045.68908932555,-0.021069403495787897,1.0
2017-05-01,0.007519181012157539,525985.839911799,-0.013680904221540446,1.0
2017-05-02,-0.00111284938952938,525400.8224694793,-0.014777918306216442,1.0
2017-05-03,-0.004711985599173296,522930.96489667956,-0.019409350377303958,1.0
2017-05-04,0.008778788433638773,527541.8746912668,-0.01076305605866612,1.0
2017-05-05,0.003983310854431821,529647.4287209755,-0.006814759376300605,1.0
2017-05-08,0.013488542243014656,536840.0000366957,0.0,1.0
2017-05-09,0.0,536840.0000366957,0.0,1.0
2017-05-10,0.002119288798195562,537978.9254648685,0.0,1.0
2017-05-11,-0.00405350274455607,535802.6401830215,-0.004045298391505692,1.0
2017-05-12,0.010918385521034857,541684.7933449523,0.0,1.0
2017-05-15,0.008421958217192937,546266.1047689891,0.0,1.0
2017-05-16,0.004430458205325394,548691.6831593649,0.0,1.0
2017-05-17,-0.06513660387542863,514090.8921093938,-0.06306053492690067,1.0
2017-05-18,-0.001408520889517817,513367.29406985466,-0.06437930476021159,1.0
2017-05-19,0.04032638339880279,534492.6318420956,-0.02587801447164484,1.0
2017-05-22,0.012766825826445505,541360.1511106417,-0.013361842859560547,1.0
2017-05-23,0.0006032167076250872,541686.8071109075,-0.012766506698485558,1.0
2017-05-24,0.013861403902916791,549247.6274655256,0.0,1.0
2017-05-25,-0.001334678061871486,548515.0476944363,-0.0013337877752331861,1.0
2017-05-26,0.002247106538215249,549749.0053423314,0.0,1.0
2017-05-30,-0.002208866837211332,548536.0231469013,-0.0022064290860785984,1.0
2017-05-31,0.0012919444645991263,549245.1592092082,-0.0009165021277471874,1.0
2017-06-01,0.006087627896371295,552598.9573424741,0.0,1.0
2017-06-02,-0.0008211079245459274,552145.4001946716,-0.000820770907682844,1.0
2017-06-05,-0.005539666627110584,549095.1552185154,-0.0063405876493306534,1.0
2017-06-06,-0.004063253938821454,546868.5688226745,-0.010369886594353894,1.0
2017-06-07,0.004025542163295093,549074.4482557299,-0.00637805960346749,1.0
2017-06-08,0.00405266089492784,551304.1759138588,-0.0023430761339870987,1.0
2017-06-09,-0.003151265198201969,549569.6047330018,-0.005482009274937694,1.0
2017-06-12,-0.004216279527764044,547257.3436544325,-0.009666347750148296,1.0
2017-06-13,0.011619066227757102,553653.047071829,0.0,1.0
2017-06-14,-0.0016918050942038576,552717.1659138504,-0.0016903747986726225,1.0
2017-06-15,-0.003811355468687161,550614.5737292805,-0.005488045913624839,1.0
2017-06-16,-0.0001706892149595518,550520.597780514,-0.00565778389170235,1.0
2017-06-19,0.005666771619564415,553649.1282417952,-7.078133236082529e-06,1.0
2017-06-20,-0.0018647880037372389,552617.6520303107,-0.0018701153131808201,1.0
2017-06-21,-0.004123759121396731,550343.4822340872,-0.005977687389684738,1.0
2017-06-22,0.007511281743966869,554492.831140836,0.0,1.0
2017-06-23,0.0023165269993494775,555778.8176913199,0.0,1.0
2017-06-26,0.002404562910574448,557116.8308465361,0.0,1.0
2017-06-27,-0.015939834835860367,548306.8816798568,-0.015813467981738438,1.0
2017-06-28,0.011359157643212825,554570.6944523384,-0.004570201891637149,1.0
2017-06-29,-0.0108968048626501,548560.451506043,-0.015358321391029883,1.0
2017-06-30,-0.0074497578205168224,544488.9935105309,-0.022666407900147734,1.0
2017-07-03,-0.005729608975023837,541378.2047981592,-0.02825013565729495,1.0
2017-07-05,0.0044314687738697955,543782.6290382233,-0.023934300796569996,1.0
2017-07-06,-0.016093056997640964,535101.5441479166,-0.03951646311809931,1.0
2017-07-07,0.014126328643662589,542714.2073153309,-0.025852070398448612,1.0
2017-07-10,0.0027097530403761283,544186.8231001202,-0.023208790383820954,1.0
2017-07-11,0.0009513636105928924,544704.7889888636,-0.022279064588324293,1.0
2017-07-12,0.0076506497745070234,548888.1167426697,-0.014770176825142589,1.0
2017-07-13,0.003697125275818003,550921.1808031539,-0.011120917014781129,1.0
2017-07-14,0.004957291165823108,553659.0380768112,-0.006206584648449365,1.0
2017-07-17,0.005038198052173648,556455.5206652235,-0.0011870224425059028,1.0
2017-07-18,0.008292925933419681,561089.3525389011,0.0,1.0
2017-07-19,0.010730020094761983,567142.2684470105,0.0,1.0
2017-07-20,0.00045822053288802067,567402.2042288898,0.0,1.0
2017-07-21,0.0016457934000175811,568336.7998964993,0.0,1.0
2017-07-24,-0.0032219471030838776,566508.5955608684,-0.003216762201504131,1.0
2017-07-25,0.0038472907575908266,568692.3168564892,0.0,1.0
2017-07-26,-0.00666200321662469,564916.2787670274,-0.006639861270386405,1.0
2017-07-27,-0.008692018529611545,560027.2943565242,-0.015236749720590193,1.0
2017-07-28,0.0015529891799257456,560897.6863648761,-0.013706234919259597,1.0
2017-07-31,0.002648341082538863,562385.1034753382,-0.011090730776907254,1.0
2017-08-01,-0.004495535452397448,559862.5556546992,-0.015526429564931443,1.0
2017-08-02,-0.0006723522267719773,559486.2573354008,-0.016188120092734737,1.0
2017-08-03,0.0007310219451461819,559895.4035967481,-0.015468669083428033,1.0
2017-08-04,0.004483538394519648,562411.3520968826,-0.0110445746732174,1.0
2017-08-07,0.005150377992070965,565315.4553423218,-0.005937941157414195,1.0
2017-08-08,-0.006435688499794701,561688.9432356725,-0.012314872934328647,1.0
2017-08-09,-0.0031098947638446006,559944.8630906976,-0.015381698515190334,1.0
2017-08-10,-0.061387531622218106,526605.0245414161,-0.07400714071136982,1.0
2017-08-11,0.004478397323902428,528968.6597724932,-0.06985087701478543,1.0
2017-08-14,0.04417717684814093,552860.8612190045,-0.027838349786392103,1.0
2017-08-15,0.0026321649966858374,554317.9990983136,-0.02527608925267566,1.0
2017-08-16,0.00014817322013271905,554400.140266628,-0.02513165057137179,1.0
2017-08-17,-0.04768367255905481,528584.6846461383,-0.0705260665944113,1.0
2017-08-18,0.0021371396125688946,529715.5518944657,-0.06853752689586512,1.0
2017-08-21,0.019163865158857263,539964.8436538489,-0.050514966267585004,1.0
2017-08-22,0.024477806595949225,553345.0901358175,-0.026986871926642397,1.0
2017-08-23,-0.013896652195919401,545708.6293871633,-0.04041497799085936,1.0
2017-08-24,0.005618318328399319,548783.2231171811,-0.035008550580317044,1.0
2017-08-25,0.009053454567442998,553774.1656405525,-0.026232376935208856,1.0
2017-08-28,0.00025034650926958335,553912.8184247405,-0.02598856709273667,1.0
2017-08-29,-0.001784525328366371,552925.2284223256,-0.027725165202368007,1.0
2017-08-30,0.0007733086784114107,553352.9756689899,-0.02697300584662221,1.0
2017-08-31,0.01172043202100248,559876.6671663114,-0.015501615599287977,1.0
2017-09-01,-0.0008182459370571493,559418.7377331482,-0.016306847918399425,1.0
2017-09-05,-0.012908673711077512,552243.7929227316,-0.028923415080897574,1.0
2017-09-06,0.005704997067184969,555403.3461933066,-0.023367593106653595,1.0
2017-09-07,0.006595176644184519,559078.4349790142,-0.01690524312094943,1.0
2017-09-08,-0.007596988486421097,554847.2151597122,-0.024345505093698594,1.0
2017-09-11,0.021535667839545525,566925.8140144113,-0.0031062541021169565,1.0
2017-09-12,0.004573744186598283,569524.7265103702,0.0,1.0
2017-09-13,0.010789099594909146,575702.6527088042,0.0,1.0
2017-09-14,-0.00035001332210971015,575501.1843711402,-0.0003499520745927631,1.0
2017-09-15,0.0035540975531196395,577550.2107853389,0.0,1.0
2017-09-18,0.010307071357635422,583533.8459248126,0.0,1.0
2017-09-19,0.004223935942067492,586003.8684460443,0.0,1.0
2017-09-20,0.0016119853837599507,586949.2598906851,0.0,1.0
2017-09-21,0.0005253157800524377,587257.67459946,0.0,1.0
2017-09-22,0.0008891452457477911,587780.0641745467,0.0,1.0
2017-09-25,3.66538364442448e-05,587801.6089637313,0.0,1.0
2017-09-26,0.0014464206440445437,588652.432521582,0.0,1.0
2017-09-27,0.0030678716188932142,590461.1155978605,0.0,1.0
2017-09-28,0.007392573079751941,594842.3167678306,0.0,1.0
2017-09-29,0.005194887920214164,597940.4963138808,0.0,1.0
2017-10-02,0.0048980569211893865,600876.4272089826,0.0,1.0
2017-10-03,-0.0034713926273264306,598794.1654746872,-0.0034653743099347656,1.0
2017-10-04,0.0010362904338307999,599415.0117731818,-0.002432139737264971,1.0
2017-10-05,0.010240401118601916,605584.7985594556,0.0,1.0
2017-10-06,0.00017704273640894996,605692.0224406447,0.0,1.0
2017-10-09,-0.0027313062481448824,604039.9492212976,-0.002727579624856147,1.0
2017-10-10,0.006889998216522919,608216.153894437,0.0,1.0
2017-10-11,0.004570729664052919,611002.5084970752,0.0,1.0
2017-10-12,0.005495926112508265,614369.7777942109,0.0,1.0
2017-10-13,0.0024261061878743106,615862.1136644154,0.0,1.0
2017-10-16,0.002824318725375363,617603.9631755207,0.0,1.0
2017-10-17,-0.0033150073500927135,615559.9912609212,-0.0033095187797855807,1.0
2017-10-18,0.008332193937677701,620710.3837254897,0.0,1.0
2017-10-19,1.7246550905625213e-05,620721.088931034,0.0,1.0
2017-10-20,0.0024994980047106097,622274.5206452799,0.0,1.0
2017-10-23,-0.012033413430362572,614831.3075180198,-0.01196130145187646,1.0
2017-10-24,-0.003823517124112996,612484.9779593777,-0.015731871322243407,1.0
2017-10-25,-0.0031414285981368195,610563.9191480734,-0.018819027790279663,1.0
2017-10-26,-0.0012437669410614305,609804.9919921213,-0.02003862963925962,1.0
2017-10-27,0.012981168640370022,617772.5758206049,-0.007234660387519298,1.0
2017-10-30,-0.005612760928396021,614314.8787352949,-0.012791206526873489,1.0
2017-10-31,0.006587180300327233,618374.8387666194,-0.0062668191437704746,1.0
2017-11-01,-0.0017970917905101302,617264.5603553302,-0.00805104519586386,1.0
2017-11-02,0.0073157839230377775,621796.893071199,-0.0007675512305816978,1.0
2017-11-03,0.003044864817471016,623693.0658844846,0.0,1.0
2017-11-06,0.007678342577412067,628500.4275735499,0.0,1.0
2017-11-07,-0.0007975684404177841,627999.355314,-0.0007972504672500991,1.0
2017-11-08,0.0021152644401052356,629329.1459523014,0.0,1.0
2017-11-09,-0.002264695366991809,627905.5197993899,-0.0022621328792222783,1.0
2017-11-10,-0.005215221053656904,624639.3779415669,-0.007452011464744723,1.0
2017-11-13,-0.0016032511300494434,623638.7265151145,-0.009042040200722301,1.0
2017-11-14,0.00793789887495322,628608.8075639404,-0.0011446131058668874,1.0
2017-11-15,-0.012825082756308781,620598.3249354509,-0.01387321892368265,1.0
2017-11-16,0.010515332123257615,627158.5534801247,-0.0034490575975028026,1.0
2017-11-17,-0.0004117063819872868,626900.4014462053,-0.003859259533293913,1.0
2017-11-20,0.011807093850542572,634346.1431071826,0.0,1.0
2017-11-21,0.010427095176927637,640995.1353116008,0.0,1.0
2017-11-22,0.0022643352690234764,642448.207704442,0.0,1.0
2017-11-24,-6.377337850071996e-05,642407.2379181297,-6.377134502200121e-05,1.0
2017-11-27,0.00562635504392528,646031.8361982058,0.0,1.0
2017-11-28,0.00028044710089503155,646213.0393615168,0.0,1.0
2017-11-29,-0.0022881789808293362,644736.078687315,-0.002285563094890697,1.0
2017-11-30,-0.007554715541072454,639883.6335141524,-0.009794611779449958,1.0
2017-12-01,-0.004668797055815688,636903.1098340644,-0.014406904473253879,1.0
2017-12-04,-0.002199475745713997,635503.7963337875,-0.016572310330213225,1.0
2017-12-05,-0.0012325563896506964,634720.9845978762,-0.0177836937103516,1.0
2017-12-06,0.003088211282496367,636684.1669043759,-0.014745713683765649,1.0
2017-12-07,0.010199466168034022,643211.2352471481,-0.004645223682478883,1.0
2017-12-08,0.011667005360369131,650759.5315613794,0.0,1.0
2017-12-11,0.013987752502202078,659926.1556022975,0.0,1.0
2017-12-12,0.0010608607825508543,660626.6168604016,0.0,1.0
2017-12-13,-0.00423096176372173,657837.4355249284,-0.004222023854758783,1.0
2017-12-14,0.004325877609971052,660689.3237706884,0.0,1.0
2017-12-15,0.009851911305124084,667230.5452480513,0.0,1.0
2017-12-18,-0.001953903555379277,665928.1139403768,-0.0019519959284692856,1.0
2017-12-19,-0.0001523407478734029,665826.6736804078,-0.0021040277272101893,1.0
2017-12-20,-0.0032997847938718294,663633.209916738,-0.0053914428182779695,1.0
2017-12-21,0.003620483347938297,666040.2375749017,-0.0017839526107233938,1.0
2017-12-22,-0.009575141909701657,659693.242962341,-0.011296398732627222,1.0
2017-12-26,-7.439277034659852e-05,659644.1683798379,-0.011369948396761531,1.0
2017-12-27,-0.0035297332590644714,657319.9048478748,-0.014853397331340834,1.0
2017-12-28,0.003765794276485046,659799.9030340784,-0.011136543833152102,1.0
2017-12-29,-0.00884344641352719,653990.7223963967,-0.019842950755098454,1.0
2018-01-02,0.014039740326584393,663237.3404870548,-0.005984745137098013,1.0
2018-01-03,0.0008692282452900102,663814.0957464039,-0.005120343374533709,1.0
2018-01-04,0.00391275551729553,666416.5260285247,-0.0012199969340791483,1.0
2018-01-05,-0.00016294299033337012,666307.9469733044,-0.001382727876170442,1.0
2018-01-08,0.0007634657440336312,666816.8445039929,-0.0006200266864350157,1.0
2018-01-09,-0.0066229259967371945,662415.1580007585,-0.007216976623129034,1.0
2018-01-10,0.003577666107667632,664789.3026768542,-0.0036587692044127706,1.0
2018-01-11,-0.003497419537898949,662468.316677823,-0.00713730599437401,1.0
2018-01-12,-0.005437864555490002,658875.6806863456,-0.01252170576003786,1.0
2018-01-16,-0.00498122496569664,655601.8333508475,-0.01742832665563998,1.0
2018-01-17,-0.0060073615743929665,651675.2022442974,-0.02331329570346785,1.0
2018-01-18,0.002616931984234405,653382.8253165694,-0.020754025771307916,1.0
2018-01-19,0.004997681130863185,656656.3976556236,-0.01584781702177107,1.0
2018-01-22,-0.000619281021781326,656249.8687015496,-0.016457095114582154,1.0
2018-01-23,-0.0004656917250205339,655944.3297171596,-0.01691501627326708,1.0
2018-01-24,-0.004524678033987151,652983.0971809117,-0.021353111257583324,1.0
2018-01-25,-0.003896694805569645,650443.5724278522,-0.025159179146929334,1.0
2018-01-26,-0.0007714221118098052,649941.9993607476,-0.025910902926178925,1.0
2018-01-29,-0.028163310689026666,631892.8359926273,-0.052961767873331955,1.0
2018-01-30,-0.00800803810210926,626852.8213343505,-0.06051540086296536,1.0
2018-01-31,0.008249672466286384,632045.5414649823,-0.05273290324259439,1.0
2018-02-01,0.004943436015490299,635177.7537249046,-0.04803855541600044,1.0
2018-02-02,-0.04731568531642072,605823.8101869429,-0.09203226006129506,1.0
2018-02-05,0.21902815073244142,754169.6572121292,0.0,1.0
2018-02-06,0.08633546417775359,822174.6289243123,0.0,1.0
2018-02-07,-0.0006547795253409247,821636.4620206002,-0.000654565204008084,1.0
2018-02-08,-0.003973702952726935,818378.0011508665,-0.004617787559819342,1.0
2018-02-09,-0.0035478587277752126,815479.656116422,-0.008143005843721518,1.0
2018-02-12,0.010396108436798432,824001.6923012101,0.0,1.0
2018-02-13,0.004551995559648442,827761.0942447451,0.0,1.0
2018-02-14,0.023187815442377895,847179.3288990313,0.0,1.0
2018-02-15,-0.0021891936315441562,845326.7179094168,-0.002186799094852976,1.0
2018-02-16,-0.000432911533188078,844960.845424845,-0.0026186704497019875,1.0
2018-02-20,-0.0054814098893870775,840341.9393143139,-0.008070770085482404,1.0
2018-02-21,0.0018624650144520114,841908.5051606656,-0.006221615139282766,1.0
2018-02-22,-0.0004274833064145042,841548.6802442329,-0.006646348019510584,1.0
2018-02-23,-7.1612106593337e-05,841488.4173282429,-0.006717481620076904,1.0
2018-02-26,0.006152269390017943,846681.4388139643,-0.0005877032973810037,1.0
2018-02-27,-0.005146941766901891,842334.8142605368,-0.005718405151351247,1.0
2018-02-28,-0.004236328556731735,838773.9550427569,-0.009921599323248098,1.0
2018-03-01,0.0017007794508054098,840201.7383774689,-0.008236261537011624,1.0
2018-03-02,0.009771357130812746,848451.8915785246,0.0,1.0
2018-03-05,-0.0024756735698472643,846353.9995746409,-0.002472611617354792,1.0
2018-03-06,0.0030695411801716305,848955.9093209446,0.0,1.0
2018-03-07,0.006332403142248921,854348.8976556418,0.0,1.0
2018-03-08,0.006702680999767008,860094.5599390856,0.0,1.0
2018-03-09,0.018636253773900435,876273.7923031019,0.0,1.0
2018-03-12,-0.0035123710552817933,873201.3924612703,-0.0035062098956039067,1.0
2018-03-13,-0.006106519211419581,867885.4189491469,-0.009572776713894338,1.0
2018-03-14,-0.005370388344892341,863237.030208914,-0.014877498572590575,1.0
2018-03-15,0.009377419618864735,871370.0397949457,-0.005596141926449305,1.0
2018-03-16,0.003612163903629728,874523.2627499343,-0.0019976970309321107,1.0
2018-03-19,-0.025222494570516396,852741.4550070243,-0.026855005253811903,1.0
2018-03-20,0.006473336204888547,858279.4424296973,-0.020535077086021536,1.0
2018-03-21,4.8392781280881536e-05,858320.9779640345,-0.020487676907330665,1.0
2018-03-22,-0.04315144218049394,822070.9354827661,-0.0618560743188209,1.0
2018-03-23,-0.01197329104663769,812286.7323551904,-0.0730217661534015,1.0
2018-03-26,0.01632020958049285,825652.1889376794,-0.05776916280056055,1.0
2018-03-27,-0.008909986429179284,818328.3153981012,-0.06612713676247595,1.0
2018-03-28,-0.003059507290982033,815828.4600635435,-0.06897996125239636,1.0
2018-03-29,0.013553210847303099,826960.8244310617,-0.05627575342910951,1.0
2018-04-02,-0.022928183833140103,808215.8301454512,-0.07766746279011105,1.0
2018-04-03,0.012260907960460088,818186.2885831735,-0.06628921717179004,1.0
2018-04-04,0.007749374999767689,824551.3517303882,-0.059025433633901114,1.0
2018-04-05,0.013832533059036756,836036.2349505896,-0.045918932765016574,1.0
2018-04-06,-0.015936964123880237,822817.9647876237,-0.06100356758928127,1.0
2018-04-09,-0.004078206992158329,819469.1759786778,-0.064825191422335,1.0
2018-04-10,0.007851765540630495,825928.7822870322,-0.05745351562295198,1.0
2018-04-11,0.005387566341316763,830390.536601303,-0.05236178019338489,1.0
2018-04-12,0.009412973571406802,838243.8844677705,-0.04339957233615055,1.0
2018-04-13,0.010500726168518604,847092.4307345559,-0.033301648211854884,1.0
2018-04-16,0.01619493351054313,860922.7243926597,-0.017518574725480573,1.0
2018-04-17,0.01751913125782778,876138.2347053085,-0.00015469776568022287,1.0
2018-04-18,-0.008199057540764443,868984.0955822254,-0.0083189715188412,1.0
2018-04-19,-0.0038475745561319386,865647.0383913179,-0.01212720727827965,1.0
2018-04-20,-0.009583145094637757,857391.0396222457,-0.02154891866756259,1.0
2018-04-23,0.003927199842587825,860764.8059693164,-0.017698790572092005,1.0
2018-04-24,-0.011128707038253527,851238.7114877353,-0.028569929895503443,1.0
2018-04-25,0.0015049399567130806,852520.7390826646,-0.02710688534688155,1.0
2018-04-26,0.005621410057868648,857326.6029500907,-0.02162245352929304,1.0
2018-04-27,0.004236478363327301,860966.3529711247,-0.017468785973553724,1.0
2018-04-30,-0.0034111099228946173,858034.5053712806,-0.02081459823633791,1.0
2018-05-01,0.0025912972767665465,860260.811112653,-0.018273947402172253,1.0
2018-05-02,-0.003392715919097178,857347.135995019,-0.02159902130399005,1.0
2018-05-03,0.0022941516282384278,859316.2782147881,-0.01935184440897697,1.0
2018-05-04,0.005758789335594372,864279.1760596202,-0.013688206070794684,1.0
2018-05-07,0.0038826393144315574,867641.3832624279,-0.009851269222585723,1.0
2018-05-08,0.0005254208625835588,868097.3799310259,-0.009330887724698478,1.0
2018-05-09,0.013162173066192828,879598.9546961777,0.0,1.0
2018-05-10,0.005349642264024457,884317.1033911883,0.0,1.0
2018-05-11,0.0072651532512599815,890765.1975038294,0.0,1.0
2018-05-14,0.0014646941694627102,892070.8520538552,0.0,1.0
2018-05-15,-0.01094356781471495,882361.6378102459,-0.010883904816815115,1.0
2018-05-16,0.005594953854620943,887312.2467569072,-0.0053343355922818025,1.0
2018-05-17,0.004699039002753924,891491.5733310326,-0.0006493640292011271,1.0
2018-05-18,-0.00376325636821484,888142.9667748987,-0.004403109091517976,1.0
2018-05-21,0.0061365466279483805,893609.8542521233,0.0,1.0
2018-05-22,-0.00040538178015259163,893247.6745141379,-0.00040529962406077313,1.0
2018-05-23,0.0023234574183623735,895325.510396762,0.0,1.0
2018-05-24,0.0040987652719035594,899002.7704706442,0.0,1.0
2018-05-25,-0.006776245376910239,892931.5005422493,-0.006753338396517372,1.0
2018-05-29,-0.046145009587168495,852663.3990470369,-0.05154530435912652,1.0
2018-05-30,0.02408409405650147,873448.3127870101,-0.028425338077941564,1.0
2018-05-31,-0.0034459510589543996,870443.63261231,-0.03176757491345994,1.0
2018-06-01,0.016529683356977465,884951.3640146711,-0.01562999238435825,1.0
2018-06-04,0.007511403498898339,891623.6184128576,-0.008208152744538788,1.0
2018-06-05,0.0015691344562318577,893023.7939990873,-0.006650676358235019,1.0
2018-06-06,0.009971714618043137,901973.3193182428,0.0,1.0
2018-06-07,-0.0009431593017534823,901123.0158410437,-0.0009427146668172792,1.0
2018-06-08,-0.0025703597172119785,898809.7797389006,-0.003507353833629323,1.0
2018-06-11,0.009688535801510412,907560.2516500432,0.0,1.0
2018-06-12,0.0025449817137346287,909872.9174924962,0.0,1.0
2018-06-13,-0.00539883852206291,904973.8969452749,-0.005384290985077866,1.0
2018-06-14,0.01212095951538572,916009.7966456561,0.0,1.0
2018-06-15,-0.0012490349561726788,914866.382620145,-0.00124825523667782,1.0
2018-06-18,-0.0018011394696619831,913220.0637389681,-0.003045527369798573,1.0
2018-06-19,-0.010990370359485802,903238.3886440266,-0.01394243603987344,1.0
2018-06-20,0.00886882723067206,911284.6817117892,-0.005158367248003004,1.0
2018-06-21,-0.022798401276474145,890743.8862050405,-0.02758257666363073,1.0
2018-06-22,0.01121724401364066,900791.8274768624,-0.016613325779397337,1.0
2018-06-25,-0.04247626643800295,863330.7885446612,-0.057509219108682674,1.0
2018-06-26,0.01224270866848709,873965.2604161397,-0.045899657824053475,1.0
2018-06-27,-0.01688631786451733,859331.1114116366,-0.06187563216198311,1.0
2018-06-28,0.0038509606524632645,862646.7417926505,-0.058255987052121205,1.0
2018-06-29,0.011188971958768335,872353.072665282,-0.04765966929637766,1.0
2018-07-02,0.0020954676055833232,874182.976852566,-0.045661978666883374,1.0
2018-07-03,-0.004370983161742448,870370.2764753281,-0.049824270807425575,1.0
2018-07-05,0.009229481463249645,878440.5276374833,-0.04101404717039925,1.0
2018-07-06,0.012607270640276447,889585.3705199348,-0.02884731825192821,1.0
2018-07-09,0.009548252130725743,898120.0366601426,-0.01953009678610884,1.0
2018-07-10,0.003510396904918167,901278.3346535516,-0.016082210087763005,1.0
2018-07-11,-0.0056321807701702475,896216.4402814992,-0.021608236545764492,1.0
2018-07-12,0.004036025837527379,899840.9022815757,-0.017651442619161295,1.0
2018-07-13,0.0015906133561252034,901273.3401645351,-0.016087662528375346,1.0
2018-07-16,0.001855714135881037,902947.3986487584,-0.014260107309693626,1.0
2018-07-17,0.005774950880629071,908176.9612234016,-0.0085510389200395,1.0
2018-07-18,-0.0008194241998622509,907433.0838607976,-0.009363123425388808,1.0
2018-07-19,-0.0034833115191563735,904277.7105115544,-0.01280781731490599,1.0
2018-07-20,-0.00080619362329859,903548.9813755099,-0.013603364631881276,1.0
2018-07-23,0.001539850218394534,904941.3832418387,-0.012083291515384453,1.0
2018-07-24,0.001110114878861701,905946.5299468046,-0.010985981520833299,1.0
2018-07-25,-0.004796039666206564,901611.9771060083,-0.01571797549804732,1.0
2018-07-26,-0.0003548379064675089,901292.107753848,-0.0160671741128785,1.0
2018-07-27,0.006379156085127846,907059.9682691694,-0.009770450500922734,1.0
2018-07-30,0.00860585521584678,914899.6803572503,-0.0012119043840699284,1.0
2018-07-31,-0.0070791616434577875,908445.828515283,-0.008257518814833387,1.0
2018-08-01,0.0022523533178131494,910494.2755384201,-0.006021246855037354,1.0
2018-08-02,-0.0049798922518249356,905971.3832555062,-0.010958849377932123,1.0
2018-08-03,-0.007807308432344229,898925.7248381632,-0.018650533946310555,1.0
2018-08-06,-0.0036597131885223178,895641.9270516331,-0.022235427687136378,1.0
2018-08-07,-0.00011654070731159649,895537.5543899066,-0.022349370422365622,1.0
2018-08-08,-0.0026588234828159862,893159.6407377373,-0.024945318261435645,1.0
2018-08-09,0.000840801069838637,893910.9261157211,-0.024125146489545224,1.0
2018-08-10,0.009946647870620495,902846.7102020783,-0.01437002801911047,1.0
2018-08-13,0.009383320873735279,911358.2815349489,-0.005078018955409269,1.0
2018-08-14,0.009991562470547777,920509.8176764512,0.0,1.0
2018-08-15,0.010201460420212527,929948.424076691,0.0,1.0
2018-08-16,0.005577642660731463,935149.8364040509,0.0,1.0
2018-08-17,0.005860670555509984,940646.5329459207,0.0,1.0
2018-08-20,0.0013955169794881428,941960.1375199036,0.0,1.0
2018-08-21,-0.0040391358408689015,938163.1060928985,-0.004030989503443605,1.0
2018-08-22,0.0004963965061945963,938628.9225862784,-0.0035364712379400975,1.0
2018-08-23,-0.0010202844829287905,937671.7424423933,-0.00455262904097109,1.0
2018-08-24,-0.0005930895793491153,937115.783985981,-0.005142843461165225,1.0
2018-08-27,-0.0017167239097863884,935508.3950296675,-0.00684927337501029,1.0
2018-08-28,0.0005604238348118074,936032.8231691975,-0.006292532045264809,1.0
2018-08-29,0.001518344386228332,937455.122848705,-0.004782595878271345,1.0
2018-08-30,-0.0054152652724077655,932392.2753809064,-0.01015739600636234,1.0
2018-08-31,0.007154631828746982,939087.1198465028,-0.0030500416726393365,1.0
2018-09-04,-0.0014404143898576471,937735.4189841409,-0.004485029002273988,1.0
2018-09-05,0.0021010845866760164,939707.7517127153,-0.002391168922624143,1.0
2018-09-06,0.0037895533178913254,943275.5803097022,0.0,1.0
2018-09-07,0.0010844157718210568,944299.0380527277,0.0,1.0
2018-09-10,-0.0030783368817095536,941396.6370724858,-0.0030736036607927897,1.0
2018-09-11,-0.0027983113863707665,938765.9985333746,-0.005859414546013908,1.0
2018-09-12,0.00019865281628428377,938952.5055672756,-0.005661906101776193,1.0
2018-09-13,-0.0057388276141150385,933579.4512625947,-0.011351898453945575,1.0
2018-09-14,-0.0031574886781724487,930636.3335905974,-0.014468620544509592,1.0
2018-09-17,0.01081363166445204,940754.5005842798,-0.003753617578343915,1.0
2018-09-18,-0.007530617152376351,933696.6469571191,-0.0112277897873031,1.0
2018-09-19,-0.010554712365573593,923893.5727327866,-0.021609113742210195,1.0
2018-09-20,-0.005359127420285326,918955.552910867,-0.02683841041935442,1.0
2018-09-21,-0.001196135351416494,917857.0148187502,-0.028001747506282038,1.0
2018-09-24,0.0013582766019064607,919104.5655935856,-0.02668060798949501,1.0
2018-09-25,-0.00020404085581127163,918917.0498425297,-0.02687918465165351,1.0
2018-09-26,0.003985902284165732,922587.0727278257,-0.022992679702051766,1.0
2018-09-27,-0.004407879624568345,918529.3694717049,-0.027289732958071578,1.0
2018-09-28,-0.0018512023335981453,916830.5586658695,-0.02908875078757034,1.0
2018-10-01,0.0001588237472258669,916976.1846948977,-0.02893453477848862,1.0
2018-10-02,-0.0015034026236460107,915598.6360575879,-0.0303933402858525,1.0
2018-10-03,-0.0025129429657733127,913300.6774343923,-0.03282684760778565,1.0
2018-10-04,0.016296455810399735,928306.1777135684,-0.016936224325864724,1.0
2018-10-05,0.004773632980254128,932748.1644713468,-0.012232220002257321,1.0
2018-10-08,0.0034984713976911053,936017.072001652,-0.00877049082688286,1.0
2018-10-09,0.004179354629873622,939937.2053929012,-0.004619122210291704,1.0
2018-10-10,0.03828420366932317,976619.6516367752,0.0,1.0
2018-10-11,0.0002605061608544901,976874.1002141102,0.0,1.0
2018-10-12,-0.004371212713215833,972613.2949555431,-0.004361672868216315,1.0
2018-10-15,-0.0034750369684388716,969239.2935846614,-0.0078155482142227,1.0
2018-10-16,-0.018101990587520156,951851.98029585,-0.02561447776410075,1.0
2018-10-17,-0.0029400091834670405,949057.6364435508,-0.028474973145938276,1.0
2018-10-18,0.016785625320652642,965122.6154959637,-0.01202968193707954,1.0
2018-10-19,-0.003761225018980241,961499.3903221865,-0.015738681052710812,1.0
2018-10-22,0.0034040208870820265,964777.931274899,-0.012382525994455107,1.0
2018-10-23,0.002873978163556501,967554.6702143395,-0.009540052293051993,1.0
2018-10-24,0.017181633049538014,984322.4761598359,0.0,1.0
2018-10-25,0.0016290007396309036,985927.2449314197,0.0,1.0
2018-10-26,-0.0016495835178576002,984302.2162771085,-0.0016482237027786173,1.0
2018-10-29,-5.339688412497878e-05,984249.6590089317,-0.0017015311536550115,1.0
2018-10-30,-0.008493283879603908,975925.5468094072,-0.010144458603239315,1.0
2018-10-31,-0.005018173499895084,971040.4504744208,-0.015099282967917627,1.0
2018-11-01,-0.0072016866976412075,964072.4422014867,-0.02216674997296908,1.0
2018-11-02,0.004676526643223156,968591.5112007647,-0.017583177480667844,1.0
2018-11-05,0.0012798771559214828,969831.9830057999,-0.01632499964714873,1.0
2018-11-06,-0.003826385338412841,966128.1228425012,-0.02008172731883051,1.0
2018-11-07,-0.019116421339005818,947834.6208160426,-0.03863634392011017,1.0
2018-11-08,0.0030279198267022522,950708.9374609758,-0.03572100035930503,1.0
2018-11-09,0.002803061176541277,953377.5711982538,-0.03301427554670133,1.0
2018-11-12,0.016719666153678148,969451.728725423,-0.016710681534257366,1.0
2018-11-13,-0.003520288807116856,966044.9785461727,-0.020166058385606367,1.0
2018-11-14,0.002371901869507198,968339.0620317415,-0.017839230014281338,1.0
2018-11-15,-0.006847334492033674,961731.1696152507,-0.024541441004454767,1.0
2018-11-16,-0.005021329987805245,956914.1042118907,-0.029427263389548708,1.0
2018-11-19,0.009254031313642663,965810.5176525199,-0.02040386588596521,1.0
2018-11-20,0.006230805161885122,971847.0816084935,-0.014281138284098938,1.0
2018-11-21,-0.004944275399097364,967053.861256475,-0.019142775262547485,1.0
2018-11-23,0.0058845988942648475,972761.3620453599,-0.01335380775178352,1.0
2018-11-26,-0.015385585015181391,957909.4054046674,-0.028417755641493847,1.0
2018-11-27,0.002412243011450599,960222.9049131301,-0.026071234110258912,1.0
2018-11-28,-0.0019191755888199324,958381.8357867482,-0.027938581965637366,1.0
2018-11-29,-0.00016725282242546768,958221.5571236545,-0.0281011483861493,1.0
2018-11-30,-0.005378108692722705,953081.9704537407,-0.033314095585180614,1.0
2018-12-03,-0.0059464584307376,947431.3254488967,-0.039045395773803504,1.0
2018-12-04,0.027229866534670855,973584.2078043376,-0.012519217001595973,1.0
2018-12-06,0.005204162503585241,978664.10507309,-0.00736681118781235,1.0
2018-12-07,0.01070863772771169,989200.5793856815,0.0,1.0
2018-12-10,-0.0015773716967570905,987641.4723582597,-0.001576128299874302,1.0
2018-12-11,-0.0025018723379517382,985173.6079069268,-0.004070935220494509,1.0
2018-12-12,-0.002167372746632701,983040.6817364263,-0.006227147231434804,1.0
2018-12-13,-0.0026716827012140953,980417.8142474347,-0.008878649407687456,1.0
2018-12-14,0.006303599110990099,986617.494731051,-0.0026112850199043747,1.0
2018-12-17,0.00511303071989655,991675.0189103779,0.0,1.0
2018-12-18,-0.0012879867397628253,990398.5768325608,-0.0012871576408364227,1.0
2018-12-19,0.0010153076956389562,991404.6467782223,-0.00027264187057229883,1.0
2018-12-20,-0.003264399702233245,988173.5823566217,-0.0035308306521660837,1.0
2018-12-21,-0.012396157221619575,975999.6382219658,-0.015806973443412642,1.0
2018-12-24,-0.005667174858498214,970484.1210721473,-0.021368792632806777,1.0
2018-12-26,0.00301616593880194,973415.6810354984,-0.018412622609917384,1.0
2018-12-27,-0.0020796316154534367,971393.4384988232,-0.02045184160617397,1.0
2018-12-28,0.0029012586726144818,974215.7943492646,-0.017605792450330116,1.0
2018-12-31,0.007221391185880055,981276.4508976844,-0.010485862620719266,1.0
2019-01-02,0.005287718799803276,986478.907276395,-0.0052397323063478884,1.0
2019-01-03,-0.00461583857460468,981935.9726755057,-0.009820804244492498,1.0
2019-01-04,0.02387453006316953,1005661.3214213128,0.0,1.0
2019-01-07,0.006101849910558066,1011816.4756815416,0.0,1.0
2019-01-08,0.005080172801145366,1016969.7569175835,0.0,1.0
2019-01-09,0.008631092316687017,1025785.3059549194,0.0,1.0
2019-01-10,0.005070036457955673,1030999.2812075752,0.0,1.0
2019-01-11,0.004654334248052727,1035809.0809969417,0.0,1.0
2019-01-14,-0.002830095007781086,1032881.787101549,-0.0028260940641446908,1.0
2019-01-15,0.006734755057254294,1039861.4697860131,0.0,1.0
2019-01-16,0.005284074216713286,1045370.7177862797,0.0,1.0
2019-01-17,-0.00510475848462244,1040047.9500256615,-0.005091751347206186,1.0
2019-01-18,-0.0006297389506206841,1039393.197504238,-0.005718086589128868,1.0
2019-01-22,0.02587113764744764,1066634.3422963,0.0,1.0
2019-01-23,0.0003062285557700051,1066961.0262078946,0.0,1.0
2019-01-24,-0.0015966403364169324,1065258.832453282,-0.0015953663843395471,1.0
2019-01-25,0.008238747829410364,1074071.4841063072,0.0,1.0
2019-01-28,-0.005669030897333727,1067999.766315859,-0.005652992263825096,1.0
2019-01-29,0.0007140424519143096,1068762.6358158346,-0.0049427327408192445,1.0
2019-01-30,0.014427563368364815,1084294.047271019,0.0,1.0
2019-01-31,0.009238561836178327,1094357.7805071748,0.0,1.0
2019-02-01,0.0014308054147518234,1095924.7142665347,0.0,1.0
2019-02-04,0.005705426599234897,1102195.3034653205,0.0,1.0
2019-02-05,-0.0005036827717619374,1101640.2864678318,-0.0005035559448889337,1.0
2019-02-06,-0.0010624299929866687,1100470.4923082406,-0.001564887050105379,1.0
2019-02-07,-0.0032273511954405976,1096924.6125267812,-0.004781993646650662,1.0
2019-02-08,0.008237670366497696,1105998.036530133,0.0,1.0
2019-02-11,0.0038052130151680075,1110214.6120496353,0.0,1.0
2019-02-12,0.0054279974411244325,1116257.238968435,0.0,1.0
2019-02-13,-0.003910484206193665,1111900.6563907769,-0.003902848219541344,1.0
2019-02-14,0.0011408585955283712,1113169.9016890316,-0.002765793736089428,1.0
2019-02-15,0.009856604244042444,1124196.2286674124,0.0,1.0
2019-02-19,-0.00071018081506935,1123398.1295043405,-0.0007099286963611062,1.0
2019-02-20,0.016017561714297912,1141537.1116934954,0.0,1.0
2019-02-21,-0.010020564789545716,1130155.3860040044,-0.009970526207953023,1.0
2019-02-22,0.0067657207904181504,1137827.6266481476,-0.00324955273669969,1.0
2019-02-25,-0.006253229189657539,1130734.7295885663,-0.009463014381462798,1.0
2019-02-26,-0.002631096498840524,1127763.5678211208,-0.01206578720155771,1.0
2019-02-27,-0.003623766220789193,1123684.2120788505,-0.015639351039722027,1.0
2019-02-28,1.7615567120987663e-05,1123704.0065878564,-0.015622010815910414,1.0
2019-03-01,-0.004342533821877659,1118834.8637937957,-0.019887437444780387,1.0
2019-03-04,0.006292830242160541,1125897.7009711755,-0.013700308612059509,1.0
2019-03-05,0.00193265275372001,1128075.7743151356,-0.011792290623289237,1.0
2019-03-06,0.0047284733216539365,1133422.481437775,-0.007108511998950351,1.0
2019-03-07,0.004763162995575776,1138834.0352849148,-0.002367926877620774,1.0
2019-03-08,0.0013082628000407048,1140324.9045004237,-0.0010619078264335613,1.0
2019-03-11,0.01952571137706194,1162809.357580782,0.0,1.0
2019-03-12,0.00533077299461393,1169024.5815578902,0.0,1.0
2019-03-13,0.0039895163897485375,1173697.7399086924,0.0,1.0
2019-03-14,0.004928626297676431,1179496.7362593005,0.0,1.0
2019-03-15,0.0037753175020904806,1183958.127216016,0.0,1.0
2019-03-18,0.0013692067160206989,1185580.320941128,0.0,1.0
2019-03-19,-0.007299399754616687,1176957.8041207828,-0.007272823838287645,1.0
2019-03-20,-0.004113206881975806,1172126.67570767,-0.011347729880315849,1.0
2019-03-21,-0.00018427241932217342,1171910.7049887197,-0.01152989444153163,1.0
2019-03-22,-0.03451835940532,1132148.4814797177,-0.04506808903423398,1.0
2019-03-25,0.0019124700434298703,1134315.7532959005,-0.04324006289555571,1.0
2019-03-26,0.020186892070595874,1157446.7489326843,-0.023729789969954118,1.0
2019-03-27,-0.0015933359437712014,1155604.0158608765,-0.025284077806264516,1.0
2019-03-28,0.011186296434956056,1168603.5175277805,-0.014319403850994394,1.0
2019-03-29,0.0027218749565394162,1171788.6429664015,-0.011632849947929791,1.0
2019-04-01,0.006191408289464739,1179066.1707089941,-0.005494482421033231,1.0
2019-04-02,0.0016415275636108007,1181003.229760478,-0.0038606335646805823,1.0
2019-04-03,-0.00452404267903983,1175672.388314241,-0.008357031954631222,1.0
2019-04-04,0.004728225232812022,1181244.3946359358,-0.0036572185187337958,1.0
2019-04-05,0.007960965190606295,1190685.771515811,0.0,1.0
2019-04-08,-0.00551773289677282,1184133.977611622,-0.005502538168276061,1.0
2019-04-09,-0.008546108316512147,1174057.3596415627,-0.013965407391304807,1.0
2019-04-10,0.012856120764098478,1189248.6239719186,-0.0012069914483507915,1.0
2019-04-11,0.005522938011336187,1195834.9415723209,0.0,1.0
2019-04-12,0.029134922500858806,1231188.0035459246,0.0,1.0
2019-04-15,0.0029850916847440345,1234868.7034979204,0.0,1.0
2019-04-16,0.004331802096687376,1240229.5129369062,0.0,1.0
2019-04-17,-0.0009780659644471612,1239017.079678704,-0.0009775878138321703,1.0
2019-04-18,0.006617567776907585,1247243.5487673583,0.0,1.0
2019-04-22,0.004166160461380741,1252450.604709715,0.0,1.0
2019-04-23,0.002304533557959232,1255340.2475184887,0.0,1.0
2019-04-24,-0.010746853702210402,1241921.523214623,-0.010689312583095467,1.0
2019-04-25,-0.001853547157268487,1239621.69518402,-0.012521348188700543,1.0
2019-04-26,0.012889363360020667,1255703.0461905238,0.0,1.0
2019-04-29,-0.004131888085520785,1250525.3259816207,-0.004123363580753381,1.0
2019-04-30,0.0022505117491657955,1253342.817129668,-0.0018796076572530351,1.0
2019-05-01,-0.012792519009614978,1237411.5232662626,-0.0145667584225051,1.0
2019-05-02,0.0013016223851298747,1239023.2144837002,-0.013283261323149498,1.0
2019-05-03,0.017575195708671387,1260991.7753626977,0.0,1.0
2019-05-06,-0.013083224066566146,1244601.390752266,-0.012998010717173325,1.0
2019-05-07,-0.037703965338366174,1198548.6245517782,-0.0495190785784142,1.0
2019-05-08,-0.010834297067758847,1185633.2833602908,-0.05976128748399767,1.0
2019-05-09,0.0034869865032884917,1189774.7871046439,-0.056476964917213435,1.0
2019-05-10,0.013261830260522522,1205658.4689295716,-0.04388078297910436,1.0
2019-05-13,-0.0444147464046587,1153281.224757212,-0.0854173300016211,1.0
2019-05-14,0.011116282099303376,1166172.9454392905,-0.07519385278792523,1.0
2019-05-15,0.017036905857310103,1186211.1338068417,-0.05930303671833781,1.0
2019-05-16,0.01785455912018108,1207580.6142638694,-0.04235647063079828,1.0
2019-05-17,-0.006153226918892862,1200172.9107344788,-0.048230976455596264,1.0
2019-05-20,0.0006391625215051988,1200940.2614831422,-0.04762244691269535,1.0
2019-05-21,0.01881340244411689,1223747.9059152,-0.029535378560883396,1.0
2019-05-22,0.0032272392996022248,1227703.6128231233,-0.02639839782460096,1.0
2019-05-23,-0.021073693012723993,1202102.0707594636,-0.04670110127109728,1.0
2019-05-24,0.014550636904257175,1219721.2961260742,-0.032728587166837686,1.0
2019-05-28,-0.012963328300595656,1204011.6928977354,-0.04518672015015579,1.0
2019-05-29,-0.0061341333973583545,1196648.7303462983,-0.05102574519004488,1.0
2019-05-30,0.0042949844873207965,1201799.3711232527,-0.04694115012956335,1.0
2019-05-31,-0.010447392373899689,1189309.060732684,-0.05684629831102228,1.0
2019-06-03,-0.0014540634058963775,1187580.9866183102,-0.05821670702274995,1.0
2019-06-04,0.010099577028310769,1199635.8241828848,-0.048656900368890366,1.0
2019-06-05,0.011142530230191738,1213077.5509703255,-0.03799725369230955,1.0
2019-06-06,0.0011793676009705933,1214509.0593027538,-0.03686202952955353,1.0
2019-06-07,-0.0010338478017537511,1213254.0906166725,-0.03785725305963583,1.0
2019-06-10,0.0030057549287514362,1216906.321184695,-0.03496093712849346,1.0
2019-06-11,-0.00040599616247138925,1216412.3621677246,-0.03535265976033086,1.0
2019-06-12,0.0051420821388186155,1222683.363633352,-0.030379588890123377,1.0
2019-06-13,-0.00018018421232035564,1222463.0752414,-0.030554283441076135,1.0
2019-06-14,0.006387930393869645,1230297.0791717372,-0.024341710065580502,1.0
2019-06-17,0.0015286178804458928,1232179.171418664,-0.022849160880328734,1.0
2019-06-18,0.001306472634026612,1233790.0318297348,-0.021571705751323278,1.0
2019-06-19,0.02115346556686326,1260166.964993953,-0.0006540965491288464,1.0
2019-06-20,-0.01172581024104602,1245476.7817589603,-0.01230380237751727,1.0
2019-06-21,-0.0033110391087074476,1241359.778965417,-0.015568695038977398,1.0
2019-06-24,0.004184418304897797,1246565.0304271847,-0.01144079225367145,1.0
2019-06-25,-0.00395687667436917,1241642.2721318544,-0.01534467044820953,1.0
2019-06-26,0.0020272915316770224,1244161.9962402063,-0.013346462246076607,1.0
2019-06-27,0.007619762007840869,1253678.4249675677,-0.005799681281050795,1.0
2019-06-28,0.006715198631973784,1262125.4546103654,0.0,1.0
2019-07-01,0.011992844750511544,1277353.057871139,0.0,1.0
2019-07-02,0.014662232764573346,1296219.8826165218,0.0,1.0
2019-07-03,0.002196394984381733,1299070.0223358567,0.0,1.0
2019-07-05,-0.006961095873208478,1290058.4728834678,-0.006936923566433495,1.0
2019-07-08,-0.008695509257304224,1278889.3883054205,-0.015534677641278583,1.0
2019-07-09,0.002359339909943081,1281910.285339806,-0.013209247154511217,1.0
2019-07-10,0.014851091707762443,1301090.1207800752,0.0,1.0
2019-07-11,0.0034215261729082513,1305549.4592028037,0.0,1.0
2019-07-12,0.007661727892753767,1315590.641192006,0.0,1.0
2019-07-15,0.0026636806265614155,1319099.6258278876,0.0,1.0
2019-07-16,0.003416004466757272,1323613.3811567135,0.0,1.0
2019-07-17,-0.006584587248887885,1314926.5643024554,-0.006562956357139993,1.0
2019-07-18,0.008254560816264522,1325825.6271987504,0.0,1.0
2019-07-19,-0.014112298517133581,1307246.5850053087,-0.014013186811523637,1.0
2019-07-22,0.019338097054561132,1332772.2598648882,0.0,1.0
2019-07-23,0.004670197291955169,1339011.1262927284,0.0,1.0
2019-07-24,0.005178397447870964,1345963.042449142,0.0,1.0
2019-07-25,-0.0022428061246602127,1342947.6909823194,-0.0022402929142362193,1.0
2019-07-26,0.005975137103013672,1350996.0085132138,0.0,1.0
2019-07-29,-0.005018990743590024,1344232.3595956853,-0.005006416654755319,1.0
2019-07-30,-0.010069202900349516,1330764.9281586306,-0.014974937177532954,1.0
2019-07-31,-0.016482970485204973,1309009.756600324,-0.031077998490236958,1.0
2019-08-01,-0.024472100540361197,1277364.3325397503,-0.054501771662890386,1.0
2019-08-02,-0.0003923766248403737,1276863.2229525303,-0.05487269029185926,1.0
2019-08-05,-0.061206373461069496,1201054.7027748688,-0.11098575036010438,1.0
2019-08-06,0.02591426737389746,1232585.945454512,-0.08764649363325172,1.0
2019-08-07,0.004152559702961689,1237714.9741105936,-0.08385001412941795,1.0
2019-08-08,0.0185498692903332,1260888.6953509136,-0.06669694994988506,1.0
2019-08-09,-0.009517854744836463,1248944.6708113323,-0.07553785285730796,1.0
2019-08-12,-0.023454425742294838,1219992.2492240695,-0.09696828004200797,1.0
2019-08-13,0.02878664480998694,1255622.1043473668,-0.07059525236555442,1.0
2019-08-14,-0.030133410017469053,1218350.312009549,-0.09818363316235323,1.0
2019-08-15,-0.0012233494503108844,1216860.7551351285,-0.09928619517218462,1.0
2019-08-16,0.022158043936722827,1244124.9543714658,-0.07910538111756582,1.0
2019-08-19,0.022921466349830055,1272971.461802922,-0.057753351022967636,1.0
2019-08-20,0.0006053724253485271,1273742.3169278295,-0.05718276819366985,1.0
2019-08-21,0.02301075972144595,1303391.9169761091,-0.035236293251149964,1.0
2019-08-22,-0.00956874803553287,1290979.5681572512,-0.044423847278432294,1.0
2019-08-23,-0.023961435116556906,1260413.5107442301,-0.06704867904729839,1.0
2019-08-26,0.002478856162992038,1263541.7701940066,-0.06473315817968373,1.0
2019-08-27,-0.008240304444708357,1253172.5826346837,-0.0724083752002983,1.0
2019-08-28,0.01058454353023297,1266507.288782107,-0.0625380972250893,1.0
2019-08-29,0.01211882851682855,1281949.2537014023,-0.051108037608340706,1.0
2019-08-30,-0.0034791565407461533,1277496.901277147,-0.054403644994446276,1.0
2019-09-03,-0.005327491386116101,1270709.144452073,-0.05942790619307414,1.0
2019-09-04,0.016834083609709616,1292281.4338564838,-0.04346021326987193,1.0
2019-09-05,0.010923006359546683,1306474.4060236528,-0.032954651389797696,1.0
2019-09-06,0.011793271549437101,1321973.2247225733,-0.021482508910282028,1.0
2019-09-09,0.002244666025553066,1324943.9459980205,-0.019283596954415838,1.0
2019-09-10,0.004976968749710764,1331554.5874447387,-0.014390435608962804,1.0
2019-09-11,0.007958910779965578,1342194.596882537,-0.006514757686340578,1.0
2019-09-12,0.009304202298920039,1354740.9232063056,0.0,1.0
2019-09-13,0.006183167153043456,1363143.4631679407,0.0,1.0
2019-09-16,-0.003873738811287275,1357873.2158005782,-0.003866245563848736,1.0
2019-09-17,0.009459503013492743,1370778.9663343183,0.0,1.0
2019-09-18,0.01558686220911909,1392312.4932976332,0.0,1.0
2019-09-19,0.004107998635385357,1398043.875314817,0.0,1.0
2019-09-20,-0.015398022205569184,1376681.6547304024,-0.01528007880268012,1.0
2019-09-23,0.010045277566145927,1390580.4960571795,-0.00533844422869556,1.0
2019-09-24,-0.02103116676692096,1361640.3549106917,-0.026038896952306212,1.0
2019-09-25,0.011641403613648293,1377584.3852411215,-0.014634369088801558,1.0
2019-09-26,-0.00459585213069591,1371267.7374169521,-0.019152573371014836,1.0
2019-09-27,-0.00908990728806991,1358859.5210221154,-0.028027986091550994,1.0
2019-09-30,0.015341285060401333,1379866.9003742503,-0.013001719947075108,1.0
2019-10-01,-0.021493631576989358,1350525.0110674328,-0.03398953715718245,1.0
2019-10-02,-0.018348721724860795,1325970.5637206815,-0.051552968305737745,1.0
2019-10-03,0.016027537422764304,1347393.8290433087,-0.03622922510933557,1.0
2019-10-04,0.01581222802920479,1368868.4609678795,-0.020868740146204434,1.0
2019-10-07,-0.0035848138447924782,1363970.1074457462,-0.02437245959923684,1.0
2019-10-08,-0.021607114613644285,1334814.7647183037,-0.04522684281441114,1.0
2019-10-09,0.016827609494694862,1357466.5595856628,-0.029024350698590884,1.0
2019-10-10,0.006470460070661765,1366278.4705719175,-0.022721321772356085,1.0
2019-10-11,0.0176217890344601,1390568.1265925618,-0.005347291922845998,1.0
2019-10-14,0.017071654707648598,1414511.2180947515,0.0,1.0
2019-10-15,0.010372985689224734,1429260.2864062518,0.0,1.0
2019-10-16,0.002478101048703607,1432806.5299810409,0.0,1.0
2019-10-17,-3.0505217166520993e-05,1432762.8225733414,-3.0504751887150405e-05,1.0
2019-10-18,0.004108808593836777,1438661.8815245759,0.0,1.0
2019-10-21,0.009147274056822141,1451882.088276456,0.0,1.0
2019-10-22,-0.006210107867310022,1442893.6822698726,-0.00619086500147803,1.0
2019-10-23,0.0039711135353170945,1448634.9690074122,-0.0022364896538523693,1.0
2019-10-24,0.005285727395894391,1456312.330896022,0.0,1.0
2019-10-25,0.010993192262665374,1472410.1735650552,0.0,1.0
2019-10-28,-0.0038996381544320613,1466679.4877360968,-0.0038920444396842724,1.0
2019-10-29,0.00440617012209632,1473156.1853109284,0.0,1.0
2019-10-30,0.010134191689091132,1488161.3365994112,0.0,1.0
2019-10-31,-0.005731657899470832,1479656.1027486112,-0.005715263286059535,1.0
2019-11-01,0.013833568464324486,1500267.260992685,0.0,1.0
2019-11-04,-0.004772495042882241,1493124.3013540867,-0.004761124783774884,1.0
2019-11-05,-0.004213119081708072,1486846.824034058,-0.008945364141151213,1.0
2019-11-06,0.009828085032414613,1501531.7250763464,0.0,1.0
2019-11-07,0.003558904809290553,1506885.053897517,0.0,1.0
2019-11-08,0.006502867773729548,1516716.058370454,0.0,1.0
2019-11-11,0.0034233114565420664,1521917.1472236014,0.0,1.0
2019-11-12,0.0028513348534078276,1526262.8351910175,0.0,1.0
2019-11-13,-0.0007376248200472446,1525137.4409522528,-0.0007373528417363717,1.0
2019-11-14,0.004149809008642258,1531479.6203592445,0.0,1.0
2019-11-15,0.012738806520260049,1551113.6343735917,0.0,1.0
2019-11-18,0.0027139567959331146,1555329.0073455444,0.0,1.0
2019-11-19,-0.0030328917999300486,1550619.008821307,-0.003028297229713428,1.0
2019-11-20,0.007062118009999452,1561608.4218426137,0.0,1.0
2019-11-21,0.0003704602025367265,1562187.042786251,0.0,1.0
2019-11-22,0.013062949330038265,1582727.681543701,0.0,1.0
2019-11-25,0.013970186915883254,1604993.8522427538,0.0,1.0
2019-11-26,0.0033686109062376346,1610409.5686372656,0.0,1.0
2019-11-27,0.0016744832850008606,1613108.4315117295,0.0,1.0
2019-11-29,-0.0051849018106269185,1604766.268022404,-0.005171483408283661,1.0
2019-12-02,-0.01891450906754155,1574698.160066701,-0.023811338837918194,1.0
2019-12-03,-0.01878152547108769,1545398.92984322,-0.041974550715760284,1.0
2019-12-04,0.016826478819446322,1571622.5591527831,-0.025717968828709026,1.0
2019-12-05,0.004698805122297145,1579024.6842365316,-0.02112923509007769,1.0
2019-12-06,0.008687810511394112,1592802.7152860123,-0.01258794252701767,1.0
2019-12-09,-0.02180943408596292,1558440.6599645577,-0.033889706655329865,1.0
2019-12-10,0.0063023178443897265,1568293.4634828805,-0.02778174557481572,1.0
2019-12-11,0.006234881812058113,1578102.1340502156,-0.021701143443102366,1.0
2019-12-12,0.014835939006915488,1601689.2972788753,-0.007078962585393422,1.0
2019-12-13,0.01589145505644396,1627345.790328993,0.0,1.0
2019-12-16,0.0066196934980791156,1638154.0549072789,0.0,1.0
2019-12-17,0.004260277752261565,1645147.933536722,0.0,1.0
2019-12-18,0.0005185576185908758,1646001.2587613931,0.0,1.0
2019-12-19,0.0020270544087770404,1649341.1768240056,0.0,1.0
2019-12-20,-0.004836900445492454,1641382.7403495514,-0.0048252214801178805,1.0
2019-12-23,-8.800169331024676e-06,1641368.295967056,-0.004833979148148315,1.0
2019-12-24,0.0070875175781575095,1653042.8455340853,0.0,1.0
2019-12-26,-0.001911294129633312,1649886.411844857,-0.0019094687701264323,1.0
2019-12-27,-0.009327884295990962,1634568.0174690394,-0.011176254816962605,1.0
2019-12-30,-0.004734315229254271,1626847.7467283614,-0.01584659398060584,1.0
2019-12-31,0.015648486512138682,1652505.682097737,-0.00032495433363965986,1.0
2020-01-02,0.00636571694592547,1663058.6183883992,0.0,1.0
2020-01-03,-0.01742139671874643,1634336.7285822453,-0.017270521609146328,1.0
2020-01-06,0.0019916935691624005,1637595.0702663867,-0.01531127516520625,1.0
2020-01-07,0.0020221207809560937,1640909.8355871849,-0.013318101091757018,1.0
2020-01-08,0.007917804937382478,1653953.8112671082,-0.005474736140157366,1.0
2020-01-09,0.008002260003015849,1667242.2776676423,0.0,1.0
2020-01-10,0.0005417678037309415,1668145.7805769963,0.0,1.0
2020-01-13,0.007664452577433423,1680980.326861005,0.0,1.0
2020-01-14,0.004814731582522214,1689093.311178568,0.0,1.0
2020-01-15,-0.0014430204700337512,1686657.6727154662,-0.0014419798166167563,1.0
2020-01-16,0.0039624650707326126,1693354.2535517248,0.0,1.0
2020-01-17,0.002169870487207959,1697032.6022978455,0.0,1.0
2020-01-21,-0.006187210787081732,1686565.119528655,-0.006168109413465128,1.0
2020-01-22,0.0013432222308686903,1688832.0734616278,-0.004832275364134997,1.0
2020-01-23,0.002819000015118256,1693599.6077847087,-0.0020229396350360807,1.0
2020-01-24,-0.02292523025168869,1655215.1146120157,-0.02464153465832497,1.0
2020-01-27,-0.03126400773958071,1604267.0269774117,-0.054663401984632376,1.0
2020-01-28,0.015514760613857703,1629350.9280664718,-0.03988236533566303,1.0
2020-01-29,0.002230279110659872,1632988.8907333643,-0.03773864537296667,1.0
2020-01-30,0.007801427560476526,1645778.3584582068,-0.030202274116736816,1.0
2020-01-31,-0.03543094435593108,1588487.799512428,-0.06396153063791687,1.0
2020-02-03,0.0002668318408671766,1588911.7151907522,-0.06371173244444073,1.0
2020-02-04,0.018245108610444483,1618167.6593813319,-0.04647226152858086,1.0
2020-02-05,0.01818720752617775,1647866.8645782794,-0.02897159291636109,1.0
2020-02-06,0.0024680507232464066,1651938.9065212533,-0.02657208571923353,1.0
2020-02-07,-0.005372021122969528,1643088.4495268413,-0.031787340265568176,1.0
2020-02-10,0.005331902545999689,1651872.6344124626,-0.02661113747858157,1.0
2020-02-11,0.002617863267553311,1656202.67636076,-0.024059600199666353,1.0
2020-02-12,0.016941136283676883,1684499.6462551681,-0.0073852181895075475,1.0
2020-02-13,-0.005456473461865841,1675333.249481883,-0.012786644632861388,1.0
2020-02-14,0.0037179112697032224,1681573.583165833,-0.009109441451555123,1.0
2020-02-18,-0.0055981769960649075,1672186.1374233097,-0.01464112406614504,1.0
2020-02-19,0.012494314422126784,1693210.0228150017,-0.0022525079822673932,1.0
2020-02-20,-0.01658534705138237,1665359.1436218126,-0.018664024859125217,1.0
2020-02-21,-0.018681564716959365,1634536.4336529232,-0.03682673424205296,1.0
2020-02-24,-0.06023419429977306,1538987.9776461138,-0.09312998727174326,1.0
2020-02-25,-0.030849570924493364,1492235.7103409404,-0.12067940926980569,1.0
2020-02-26,0.0008972810692480238,1493575.2660838154,-0.11989005746768877,1.0
2020-02-27,-0.055462179998822414,1412993.598381086,-0.16737392288878838,1.0
2020-02-28,-0.003488633925153195,1408072.7694538892,-0.17027358958967198,1.0
2020-03-02,0.00011166414110608258,1408230.0094691773,-0.17018093372962828,1.0
2020-03-03,-0.03200631913932206,1363871.414731631,-0.19631985096520943,1.0
2020-03-04,0.019222902455602764,1390342.5932091253,-0.18072134187254296,1.0
2020-03-05,-0.03149774226696067,1347232.4408798427,-0.20612459710223618,1.0
2020-03-06,-0.020692009689311064,1319641.930137914,-0.22238268825768615,1.0
2020-03-09,-0.0494400831129278,1255985.2842793826,-0.25989324979453454,1.0
2020-03-10,0.009570285690946534,1268063.1242788797,-0.2527762150462667,1.0
2020-03-11,-0.026412844065252905,1235008.4266622877,-0.27225415410992093,0.5
2020-03-12,-0.024124682746445192,1205570.755137043,-0.2896007103784245,0.5
2020-03-13,-0.005250661899139919,1199257.3001200492,-0.2933210013194738,0.5
2020-03-16,-0.03556450837616465,1157355.822984243,-0.318012027926193,0.5
2020-03-17,-0.01550179509861982,1139553.073951005,-0.3285025447313107,0.5
2020-03-18,0.001621559779309667,1141402.4263946502,-0.3274127881520079,0.5
2020-03-19,0.011465237685249985,1154564.1836679287,-0.31965704011543106,0.5
2020-03-20,0.014321677686983225,1171218.4536560327,-0.30984328051791155,0.5
2020-03-23,0.0011314854087157641,1172544.4202612313,-0.30906193630366185,0.5
2020-03-24,-0.013531235289976398,1156785.3064110917,-0.3183482127304088,0.5
2020-03-25,0.019781263565942977,1179895.8052943624,-0.3047300307037476,0.5
2020-03-26,0.008674743141915256,1190175.6212570926,-0.2986725065590665,0.5
2020-03-27,-0.013294098317378714,1174458.0167075852,-0.3079343230546513,0.5
2020-03-30,0.005873645555106152,1181376.6657723028,-0.3038574131264923,0.5
2020-03-31,0.013470613994053656,1197398.2025188664,-0.294416500368028,0.5
2020-04-01,0.0007258727581358031,1198267.6767803791,-0.2939041505991812,0.5
2020-04-02,0.008767287758590623,1208819.4218185518,-0.28768638847493844,0.5
2020-04-03,0.0068592367813566845,1217139.50253954,-0.28278366550442957,0.5
2020-04-06,0.006371320870999068,1224919.0455205645,-0.278199461894852,0.5
2020-04-07,-0.0006316000446639682,1224145.6308667795,-0.27865520720742754,0.5
2020-04-08,0.003481551893881299,1228414.9850829635,-0.2761394310164438,0.5
2020-04-09,0.002159176015951796,1231070.2147789628,-0.27457480008807866,0.5
2020-04-13,0.002836450621760007,1234567.0415989445,-0.2725142463808329,0.5
2020-04-14,0.01760917191825428,1256499.2824473567,-0.2595903692445214,1.0
2020-04-15,-0.0283853874529143,1221334.5074408613,-0.28031170067850864,0.5
2020-04-16,0.003009291888673271,1225015.3951223884,-0.2781426865555371,1.0
2020-04-17,0.018620437419510694,1248039.411010654,-0.26457546583326563,1.0
2020-04-20,-0.03161273405543508,1209202.576572729,-0.28746060922140004,0.5
2020-04-21,-0.009378902554885826,1197914.6005956316,-0.2941122056384712,0.5
2020-04-22,0.010127938592426666,1210108.6521785469,-0.28692669160273376,0.5
2020-04-23,-0.0010035045007716903,1208894.911798485,-0.287641904957161,0.5
2020-04-24,0.008054449522648888,1218671.2133550695,-0.2818810836604181,1.0
2020-04-27,0.020373724109253644,1243754.7392023003,-0.26710026812790166,1.0
2020-04-28,-0.0009689092999902726,1242550.2372893635,-0.26781003758743105,1.0
2020-04-29,0.017769438833532547,1264826.9943044905,-0.2546831495211892,1.0
2020-04-30,-0.014918358060231895,1246097.9033188152,-0.26571952617082784,1.0
2020-05-01,-0.010592251953840837,1232968.5776846316,-0.2734561634142172,1.0
2020-05-04,0.014847930190637015,1251412.1949840756,-0.2625880060939214,1.0
2020-05-05,0.009403092890665654,1263234.837690587,-0.2556213498903205,1.0
2020-05-06,-0.0046826236965884505,1257333.4121661216,-0.25909884673774375,1.0
2020-05-07,0.015004047759669348,1276340.7395778047,-0.2478985154147353,1.0
2020-05-08,0.02066483933749197,1302990.5243004612,-0.23219476011470652,1.0
2020-05-11,0.019118293322843094,1328141.1316248903,-0.21737441589128126,1.0
2020-05-12,-0.034230292369404225,1283447.7697015733,-0.24371059933454609,1.0
2020-05-13,-0.014466394632309587,1265014.5602847822,-0.2545726236656236,1.0
2020-05-14,0.022316963676448864,1293563.2190966888,-0.2377499304697176,1.0
2020-05-15,0.008608354628889536,1304746.736803119,-0.23115988753755035,1.0
2020-05-18,0.01620781658674364,1326066.1363609883,-0.21859713563225291,1.0
2020-05-19,-0.0144948258890647,1306983.6712030056,-0.22984174291448445,1.0
2020-05-20,0.02440364238312398,1339271.1975850635,-0.2108158701420112,1.0
2020-05-21,-0.008685357384477399,1327689.5169227987,-0.21764053611871836,1.0
2020-05-22,0.0055653042749232995,1335099.1122688942,-0.21327432928446977,1.0
2020-05-26,0.005703588480227673,1342735.7255331532,-0.20877434899303715,1.0
2020-05-27,0.0036123224311550572,1347594.8910660502,-0.20591101830256153,1.0
2020-05-28,-0.011598366853315945,1332055.2823922497,-0.21506794825945175,1.0
2020-05-29,0.014691972801442965,1351770.2738011447,-0.20345061611026372,1.0
2020-06-01,-0.007166229298197102,1342117.805270373,-0.20913846707889094,1.0
2020-06-02,0.013659847448649565,1360576.7156766062,-0.19826129808329285,1.0
2020-06-03,0.006634791059838108,1369633.8708470962,-0.19292424376964779,1.0
2020-06-04,0.0027031803812489485,1373341.2468517656,-0.1907396210348521,1.0
2020-06-05,0.00684629170366069,1382775.8006389316,-0.18518017935153308,1.0
2020-06-08,-0.0049278584651162305,1375978.439177473,-0.18918561887712304,1.0
2020-06-09,-0.013975457328477603,1356882.2609385261,-0.20043830678252328,1.0
2020-06-10,-0.00027377890488633483,1356510.8260469057,-0.20065717994448695,1.0
2020-06-11,-0.0907196524161007,1238865.673526136,-0.2699812178925346,1.0
2020-06-12,0.043785678582971777,1294315.3396856661,-0.23730673298019445,1.0
2020-06-15,0.003360431709256595,1298672.114216659,-0.23473944315612527,1.0
2020-06-16,0.004751946650431549,1304858.0207283604,-0.2310943119410117,1.0
2020-06-17,0.0053757732320427465,1311891.5298845288,-0.2269497191107709,1.0
2020-06-18,0.002870613795280086,1315662.8742549254,-0.22472740212918196,1.0
2020-06-19,-0.007277273755055269,1306123.1889012887,-0.23034879404629638,1.0
2020-06-22,0.028375124635590332,1343715.4170139963,-0.2081970521989056,1.0
2020-06-23,-0.007801249479788552,1333273.540614668,-0.21435007270375017,1.0
2020-06-24,-0.0003352139383308028,1332826.6836407739,-0.21461338937385366,1.0
2020-06-25,0.004427950122062541,1338741.4592187903,-0.21112802582220025,1.0
2020-06-26,-0.010435848764973166,1324843.2020046676,-0.21931776666471792,1.0
2020-06-29,0.012606789280076747,1341650.944308691,-0.20941357137626848,1.0
2020-06-30,0.0034098803766626773,1346233.622287536,-0.20671316481210467,1.0
2020-07-01,0.010080906102172271,1359873.5127406053,-0.1986756701672756,1.0
2020-07-02,0.008240579974682305,1371125.9588420703,-0.1920450102222464,1.0
2020-07-06,-0.0015285164858065414,1369031.771117825,-0.1932790393866889,1.0
2020-07-07,-0.006847900291941933,1359688.8044154386,-0.1987845121099211,1.0
2020-07-08,0.0048150916349323225,1366251.618198608,-0.19491728305711253,1.0
2020-07-09,-0.0039216593120139365,1360904.1371703548,-0.19806836042652343,1.0
2020-07-10,-0.0008488475914916194,1359749.427127021,-0.1987487893362394,1.0
2020-07-13,-0.015517236491382036,1338812.7336107343,-0.2110860263981188,1.0
2020-07-14,0.01055736225631776,1353021.9385175244,-0.20271305531462258,1.0
2020-07-15,0.011794792275320987,1369075.036600282,-0.19325354460102695,1.0
2020-07-16,0.001761531595054322,1371488.8308965464,-0.19183118283084288,1.0
2020-07-17,0.016222613574401912,1393919.4136346146,-0.17861365082368152,1.0
2020-07-20,0.0063387535460188715,1402783.1882232563,-0.17339054870022208,1.0
2020-07-21,-0.0017610148580136098,1400315.0400468747,-0.17484493924819366,1.0
2020-07-22,0.006602824032253984,1409591.6661078183,-0.16937855866812546,1.0
2020-07-23,-0.013851570067625829,1390201.2125209635,-0.18080465240409693,1.0
2020-07-24,0.005847489172993825,1398354.2131194556,-0.17600038371329352,1.0
2020-07-27,0.014541987886593333,1418837.6370321512,-0.1639302420525145,1.0
2020-07-28,0.0021878834361972466,1421945.286744883,-0.16209901635388968,1.0
2020-07-29,0.008119973935580838,1433538.4498034648,-0.1552675842158835,1.0
2020-07-30,-0.003062103245379255,1429155.5209789365,-0.1578502858201979,1.0
2020-07-31,0.004396006808998543,1435451.9277640574,-0.15414004078625132,1.0
2020-08-03,0.0016697133370824346,1437850.7230855478,-0.15272651736999976,1.0
2020-08-04,0.007375576481661206,1448494.9063037687,-0.14645428476597766,1.0
2020-08-05,0.006417837035144203,1457821.0052394848,-0.14095875160822446,1.0
2020-08-06,0.004396547030908415,1464244.494090117,-0.13717362170445324,1.0
2020-08-07,0.004747422306984994,1471212.4077918017,-0.13306768190562446,1.0
2020-08-10,0.007761758641434469,1482676.0348123817,-0.12631258067477136,1.0
2020-08-11,-0.010143056075205159,1467713.181463486,-0.1351296495564389,1.0
2020-08-12,0.015376186435126726,1490455.4092708202,-0.12172847636946516,1.0
2020-08-13,0.0016502362401880077,1492917.04338185,-0.12027792432485707,1.0
2020-08-14,0.004784126956449697,1500076.4601769652,-0.11605913867193496,1.0
2020-08-17,0.009212130323300372,1513959.20668016,-0.10787853773097655,1.0
2020-08-18,0.008351818503660624,1526656.468001539,-0.10039650037695858,1.0
2020-08-19,-0.007175725441918246,1515740.8110598137,-0.10682870263809663,1.0
2020-08-20,0.005057152974123014,1523425.559306207,-0.10230035814077354,1.0
2020-08-21,0.008301849686448648,1536125.452670547,-0.09481676981893239,1.0
2020-08-24,0.001283415048269454,1538098.2048516665,-0.09365429823267746,1.0
2020-08-25,0.002887285417680019,1542545.5506582647,-0.09103363802816733,1.0
2020-08-26,-0.010753891070510058,1526046.0597076626,-0.10075619193093921,1.0
2020-08-27,-0.018105965608520513,1498664.158154978,-0.11689135722806343,1.0
2020-08-28,-8.174447343911595e-06,1498651.9074538024,-0.1168985761236574,1.0
2020-08-31,-0.010565417021054735,1482901.3770595724,-0.12617979462995077,1.0
2020-09-01,-0.002218721052034134,1479614.8798147219,-0.12811640871762386,1.0
2020-09-02,-0.010802748522423578,1463716.9973768338,-0.13748445645952456,1.0
2020-09-03,-0.05797962445682714,1381264.611366997,-0.18607066859133226,1.0
2020-09-04,0.03140826205836511,1425336.2155838797,-0.16010086450082261,1.0
2020-09-08,0.006031550083209325,1433959.181136232,-0.155019662442196,1.0
2020-09-09,0.02108600834379093,1464516.692162882,-0.1370132252144881,1.0
2020-09-10,0.003026376787039986,1468955.5849773951,-0.1343975460528134,1.0
2020-09-11,0.01950068313314457,1497882.3515559295,-0.11735204761078788,1.0
2020-09-14,0.005752385163907192,1506523.5777749268,-0.1122600852010518,1.0
2020-09-15,0.021627989077381393,1539461.5604852436,-0.09285092201484224,1.0
2020-09-16,0.0076184594108497095,1551234.6754541448,-0.08591345071761425,1.0
2020-09-17,0.014307185670372924,1573588.0032790096,-0.07274144223964074,1.0
2020-09-18,-5.5874144718082164e-05,1573500.08285145,-0.07279325057110153,1.0
2020-09-21,-0.010634950784673691,1556854.655447141,-0.08260179955346658,1.0
2020-09-22,0.0018007202815715218,1559660.6408398445,-0.08094833373972565,1.0
2020-09-23,-0.010148594495301033,1543912.3242501114,-0.09022824773101212,1.0
2020-09-24,-0.0008092231971872366,1542663.4599560343,-0.09096415833896743,1.0
2020-09-25,0.004627186567649488,1549818.191970543,-0.08674813325799913,1.0
2020-09-28,-0.00027610875257444434,1549390.3326734074,-0.08700025528356081,1.0
2020-09-29,0.011094849117945671,1566676.299919828,-0.0768142593144705,1.0
2020-09-30,-0.005965114308263075,1557358.7145662494,-0.08230477572585959,1.0
2020-10-01,0.004740796300934491,1564759.3636234445,-0.07794384061643733,1.0
2020-10-02,-0.009894136834798672,1549353.7586242447,-0.08702180704933904,1.0
2020-10-05,0.0060967542276726405,1558828.6413692574,-0.08143860096821642,1.0
2020-10-06,-0.0013012371956175883,1556801.5547058212,-0.08263308990183582,1.0
2020-10-07,0.008967511879270695,1570824.974758467,-0.07436959512061747,1.0
2020-10-08,0.015915278191351412,1596025.092743753,-0.05952007605353282,1.0
2020-10-09,0.01011267034998653,1612247.0538031314,-0.049961060488709075,1.0
2020-10-12,0.002792303486204517,1616755.2280382353,-0.04730455628896679,1.0
2020-10-13,-0.0014170305268104144,1614465.8589617421,-0.04865359877253095,1.0
2020-10-14,0.002227237661706738,1618065.6654505588,-0.046532362867020116,1.0
2020-10-15,-0.009016559550054204,1603541.8558160327,-0.05509071915013464,1.0
2020-10-16,0.003225357240435045,1608722.2008918826,-0.052038128958976526,1.0
2020-10-19,-0.013032748254781623,1587892.1606067803,-0.06431251912502156,1.0
2020-10-20,0.002652817002374519,1592110.1402187431,-0.06182701613217889,1.0
2020-10-21,0.0057749882584223755,1601331.1575910435,-0.05639340374322721,1.0
2020-10-22,0.0023466145717696563,1605093.277015433,-0.05417652268902984,1.0
2020-10-23,0.0006080999673248044,1606069.63101507,-0.05360119255199236,1.0
2020-10-26,-0.021636570630631624,1571693.028976407,-0.07385808213214295,1.0
2020-10-27,-0.007520588480850687,1559917.3081645095,-0.08079708895850135,1.0
2020-10-28,-0.03970993928039945,1499186.8677959575,-0.11658334332174736,1.0
2020-10-29,0.018414771164228405,1527049.8083715385,-0.10016471910801472,1.0
2020-10-30,-0.009104746274974929,1513209.5091326581,-0.108320307409701,1.0
2020-11-02,-0.0014039137877999153,1511086.5839895823,-0.1095712704967986,1.0
2020-11-03,0.015584243193443648,1534820.1795195695,-0.09558592012824874,1.0
2020-11-04,0.034514610688053615,1588718.6931169557,-0.06382547337878408,1.0
2020-11-05,0.008729213711114348,1602647.6641505877,-0.05561763399209718,1.0
2020-11-06,0.024280926752656917,1642037.7129132862,-0.03240650138959866,1.0
2020-11-09,-0.016295559572747642,1615496.6277778023,-0.048046203950142474,1.0
2020-11-10,0.018512245274674655,1645681.6316527182,-0.030259271728543258,1.0
2020-11-11,0.008810910983187092,1660245.652943882,-0.02167722016898954,1.0
2020-11-12,-0.021635455677603055,1624711.2691043536,-0.04261634873458886,1.0
2020-11-13,0.021538472872751235,1660084.6454713207,-0.0217720960554888,1.0
2020-11-16,0.013077277245345797,1681936.6032689735,-0.008895526820422606,1.0
2020-11-17,0.0067629567193243645,1693350.0184361238,-0.0021700136206784792,1.0
2020-11-18,-0.003157559516291819,1688011.5975971774,-0.005315752147868835,1.0
2020-11-19,0.004353170629634917,1695375.8173294603,-0.0009762835234525813,1.0
2020-11-20,0.003114554623660837,1700664.3894183654,0.0,1.0
2020-11-23,0.0011431872926577213,1702609.679040758,0.0,1.0
2020-11-24,0.007839286366234433,1716009.3772981348,0.0,1.0
2020-11-25,0.010943800686031402,1734892.178242978,0.0,1.0
2020-11-27,-0.002628550183012557,1730337.915266961,-0.002625098569888795,1.0
2020-11-30,0.006505624367977525,1741631.5399816458,0.0,1.0
2020-12-01,-0.0021479099622920828,1737894.6868949332,-0.0021456048543723183,1.0
2020-12-02,0.0005379817164881118,1738829.8940012706,-0.0016086330064996046,1.0
2020-12-03,-0.0020506777154691846,1735267.7679212478,-0.00365391411117022,1.0
2020-12-04,0.004120202795244943,1742432.1722933115,0.0,1.0
2020-12-07,0.0016789237719674333,1745360.040234207,0.0,1.0
2020-12-08,0.010791809691298226,1764297.6352981972,0.0,1.0
2020-12-09,-0.008151075476443559,1749975.163184279,-0.00811794553672196,1.0
2020-12-10,-0.001190813156202175,1747892.5100084392,-0.009298388753428921,1.0
2020-12-11,-0.005191444963945635,1738841.9353468649,-0.014428234466816514,1.0
2020-12-14,-0.007656094758058174,1725580.0287072116,-0.021945053836929018,1.0
2020-12-15,0.017795872999560203,1756563.0994721632,-0.0043839178102886844,1.0
2020-12-16,0.010511464604507026,1775124.5333399416,0.0,1.0
2020-12-17,0.0027622532255797694,1780034.655185883,0.0,1.0
2020-12-18,-0.0022684292685415386,1776001.3488396627,-0.0022658583272352484,1.0
2020-12-21,-0.031110020575158437,1721600.5035525712,-0.03282753594884913,1.0
2020-12-22,0.012484284211791596,1743228.175638754,-0.02067739492593501,1.0
2020-12-23,0.008604001723699461,1758291.6239068236,-0.012214948296491945,1.0
2020-12-24,0.011608645965078601,1778821.9429185037,-0.000681285762525019,1.0
2020-12-28,0.0017889889027999928,1782007.0838758568,0.0,1.0
2020-12-29,-0.006185087192223548,1771019.230130278,-0.006165998914931525,1.0
2020-12-30,0.007541593259213997,1784426.0275815336,0.0,1.0
2020-12-31,0.001164447090782339,1786505.1075324423,0.0,1.0
2021-01-04,-0.028795667085773857,1735795.119151954,-0.028385022895641154,1.0
2021-01-05,0.006348275856308483,1746849.4763279986,-0.02219732316310974,1.0
2021-01-06,0.0004444424772462874,1747626.0229890125,-0.021762649532600764,1.0
2021-01-07,0.018868191161197423,1780913.6156498461,-0.003129849368479709,1.0
2021-01-08,-0.0026810461951578546,1776145.2988717058,-0.005798924736938327,1.0
2021-01-11,-0.011419793225046604,1755977.4622592148,-0.01708791379577579,1.0
2021-01-12,0.012239860946590575,1777602.4557020606,-0.004983278129374158,1.0
2021-01-13,0.004087331241002801,1784882.974563571,-0.0009079923488782837,1.0
2021-01-14,0.004160035054777467,1792323.6162409598,0.0,1.0
2021-01-15,-0.0043343713377757,1784571.831822721,-0.004324991507112186,1.0
2021-01-19,0.013426757173060189,1808694.4261786072,0.0,1.0
2021-01-20,0.005265073406825138,1818242.4485656163,0.0,1.0
2021-01-21,0.008610779637480803,1833966.5347826695,0.0,1.0
2021-01-22,-0.0051764792218875755,1824497.5742047022,-0.0051631043415355515,1.0
2021-01-25,-0.007385146078114246,1811073.025242542,-0.012483057409136689,1.0
2021-01-26,0.004473878337742487,1819193.697523149,-0.008055129130952854,1.0
2021-01-27,-0.06735681233222124,1700694.2792587208,-0.07266885899842324,1.0
2021-01-28,0.0015439352526476213,1703322.069157178,-0.07123601393357659,1.0
2021-01-29,-0.012933892512354106,1681433.3429549076,-0.08317119693017605,1.0
2021-02-01,0.02040611934853853,1716097.3484841378,-0.06427008566571235,1.0
2021-02-02,0.02822227120873766,1765219.4210808962,-0.037485478823047425,1.0
2021-02-03,0.00939733537463372,1781885.9679040336,-0.02839777383659159,1.0
2021-02-04,0.015301309233913152,1809360.8206723577,-0.013416664722962213,1.0
2021-02-05,0.001686448636184501,1812414.7892174718,-0.011751438838414563,1.0
2021-02-08,0.003600973653108852,1818953.0120409124,-0.008186366794057265,1.0
2021-02-09,0.005365626082781461,1828739.0644363498,-0.0028503629958216425,1.0
2021-02-10,0.0002702934015088587,1829233.4273470552,-0.002580803600200521,1.0
2021-02-11,0.00857015843554354,1844977.616367875,0.0,1.0
2021-02-12,0.011318125826863756,1865977.9230566802,0.0,1.0
2021-02-16,0.0008599668144375627,1867583.2923301957,0.0,1.0
2021-02-17,0.011685968352815657,1889535.8300886613,0.0,1.0
2021-02-18,-0.0020521013539855915,1885662.2868643093,-0.0020499972335376038,1.0
2021-02-19,0.011168189508626192,1906839.7575170824,0.0,1.0
2021-02-22,-0.012390260041398982,1883359.28205255,-0.01231381681232957,1.0
2021-02-23,0.012673543327137438,1907380.009867586,0.0,1.0
2021-02-24,-0.001465541700084394,1904586.7122722277,-0.00146446831827296,1.0
2021-02-25,-0.02876098975691921,1850589.1472134097,-0.0297742779940946,1.0
2021-02-26,0.01881514228533998,1885737.8725548217,-0.011346526230117449,1.0
2021-03-01,-0.008310612421666086,1870131.176393251,-0.01952879514393202,1.0
2021-03-02,0.005517941918444791,1880478.9746237446,-0.014103657952097781,1.0
2021-03-03,-0.015005722869000593,1852471.688591239,-0.028787300376582392,1.0
2021-03-04,-0.013515549961841344,1827602.9508284444,-0.04182546667492848,1.0
2021-03-05,-0.009354489277657585,1810586.3734048337,-0.05074690725602804,1.0
2021-03-08,0.0010192403470883349,1812432.7368727257,-0.049778896970536946,1.0
2021-03-09,0.018852195327947463,1846925.1804283448,-0.03169522021122473,1.0
2021-03-10,0.0021292209507679516,1850861.881783235,-0.02963128888420863,1.0
2021-03-11,0.0014198340792654918,1853491.6650451645,-0.02825254775851538,1.0
2021-03-12,0.006785036904734643,1866110.4353958396,-0.02163678672222813,1.0
2021-03-15,0.023508821085357567,1910500.22316632,0.0,1.0
2021-03-16,-0.003385055420727312,1904044.0075184098,-0.0033793325798257,1.0
2021-03-17,0.010284469999760404,1923727.1327568945,0.0,1.0
2021-03-18,-0.011795108732530757,1901169.8563403748,-0.011725819131215731,1.0
2021-03-19,0.02345039648525038,1946279.9002366648,0.0,1.0
2021-03-22,0.015431044897769475,1976545.950581976,0.0,1.0
2021-03-23,-0.011184960270954392,1954561.539227911,-0.01112264116480155,1.0
2021-03-24,-0.001460202337101535,1951709.56663559,-0.012565548470589882,1.0
2021-03-25,0.006604759115565351,1964642.8016222594,-0.00602219693208339,1.0
2021-03-26,0.01080631868789439,1985988.4842465115,0.0,1.0
2021-03-29,-0.013223690857447679,1959899.264547738,-0.013136641982429142,1.0
2021-03-30,0.007635611000646136,1974921.5721945327,-0.005572495580797643,1.0
2021-03-31,0.003943630105524676,1982725.3097761371,-0.001643098384637609,1.0
2021-04-01,0.006937287654562141,1996527.8663877638,0.0,1.0
2021-04-05,0.004747412593042455,2006028.7423679864,0.0,1.0
2021-04-06,-0.002084561953950903,2001851.4066433564,-0.0020823907636033923,1.0
2021-04-07,0.0046022816736921435,2011085.7238507012,0.0,1.0
2021-04-08,0.004478167321801507,2020111.8974942944,0.0,1.0
2021-04-09,0.0044976643686363005,2029218.1458698965,0.0,1.0
2021-04-12,0.0010100973558788695,2031268.8893044377,0.0,1.0
2021-04-13,0.007096266098951531,2045734.5793503965,0.0,1.0
2021-04-14,-0.006886157459275566,2031695.7212865592,-0.006862502206075649,1.0
2021-04-15,0.007757356859306785,2047517.5986584513,0.0,1.0
2021-04-16,0.0010529253732576294,2049674.6172808073,0.0,1.0
2021-04-19,-0.005206639074105901,2039030.4355816063,-0.005193108022834458,1.0
2021-04-20,-0.001248087493477712,2036487.1346573206,-0.00643393956889704,1.0
2021-04-21,-0.006162113661869917,2023976.6545497542,-0.012537581582166113,1.0
2021-04-22,-0.014624051338897992,1994593.2916146035,-0.026873204752507096,1.0
2021-04-23,0.012253953633269532,2019185.312342039,-0.014875192716791719,1.0
2021-04-26,0.003389669128181616,2026041.295652327,-0.01153027969865461,1.0
2021-04-27,0.004052790901969416,2034269.0788629774,-0.00751608976758833,1.0
2021-04-28,0.0020852622043907587,2038515.4891874392,-0.005444341262406005,1.0
2021-04-29,0.0003558529255371923,2039241.0299732687,-0.005090362743224275,1.0
2021-04-30,-0.012934189260215057,2013034.9431286792,-0.017875849094885154,1.0
2021-05-03,0.005235575581413521,2023601.9778379423,-0.012720379724199482,1.0
2021-05-04,-0.011919384932590482,1999625.0658052035,-0.024418291105152035,1.0
2021-05-05,0.007005919025087515,2013683.465599855,-0.017559446449456395,1.0
2021-05-06,0.0030321260011927365,2019798.473646513,-0.014576042159281544,1.0
2021-05-07,0.015416429329517811,2051177.8112639696,0.0,1.0
2021-05-10,0.003758081287921655,2058900.8069480315,0.0,1.0
2021-05-11,0.021808864479619494,2104296.308533475,0.0,1.0
2021-05-12,-0.05104853982838442,1999570.8372985518,-0.049767454711693304,1.0
2021-05-13,0.026980455163577943,2054254.5471239053,-0.02378075806464952,1.0
2021-05-14,-0.01978820143923432,2014004.0997253757,-0.04290850506268562,1.0
2021-05-17,0.0003097388200847817,2014628.0115987463,-0.042612010756802654,1.0
2021-05-18,0.005404709793534579,2025545.9689619832,-0.03742359821292196,1.0
2021-05-19,-0.01923549851435169,1986955.9217497848,-0.05576229274738731,1.0
2021-05-20,0.012086002504418492,2011115.9811750422,-0.04428099169330946,1.0
2021-05-21,0.0036798305593759295,2018530.180352975,-0.04075762896731594,1.0
2021-05-24,0.007004089281706705,2032717.7735383369,-0.03401542582423789,1.0
2021-05-25,0.004704710754937835,2042303.6544263177,-0.029460040325956283,1.0
2021-05-26,0.013844719116739235,2070775.4118364768,-0.01592974171986239,1.0
2021-05-27,0.009255515232183598,2090030.475514558,-0.006779384139517397,1.0
2021-05-28,-0.008467153833867869,2072408.5749125269,-0.015153632828055041,1.0
2021-06-01,-0.0011111046584404427,2070107.190866782,-0.016247292516765266,1.0
2021-06-02,0.011736869114460369,2094546.9103580073,-0.0046330918967690815,1.0
2021-06-03,-0.004211837255037487,2085743.5717771915,-0.008816599012718473,1.0
2021-06-04,0.005497361558467695,2097241.23275336,-0.0033527007349223314,1.0
2021-06-07,0.007375973058002749,2112767.618290327,0.0,1.0
2021-06-08,-0.005547680490436413,2101079.1106243324,-0.00553232052820507,1.0
2021-06-09,-0.003192171444445613,2094382.799457781,-0.00870177045188869,1.0
2021-06-10,0.011112533973190786,2117786.495815112,0.0,1.0
2021-06-11,0.009153143302908617,2137259.884498306,0.0,1.0
2021-06-14,-0.002709545109556899,2131476.7208399717,-0.002705877605376883,1.0
2021-06-15,-0.005628549377414416,2119513.2988097086,-0.008303428992100903,1.0
2021-06-16,0.0024191743357766526,2124646.9781154417,-0.0059014378524328,1.0
2021-06-17,-0.00020308061741758365,2124215.547304432,-0.006103299504419457,1.0
2021-06-18,-0.02695720909107635,2067717.5600102984,-0.032538075969330116,1.0
2021-06-21,0.021222664583576467,2112068.999451115,-0.011786533415941824,1.0
2021-06-22,0.020075171664488245,2154897.604620465,0.0,1.0
2021-06-23,0.004825383847998133,2165320.940789863,0.0,1.0
2021-06-24,0.0006645480223292921,2166760.3787736315,0.0,1.0
2021-06-25,0.009237855354722768,2186869.336558158,0.0,1.0
2021-06-28,-0.0019574374664506067,2182592.863414389,-0.001955522935128573,1.0
2021-06-29,-0.0034985815700991907,2174970.226231534,-0.0054411619970636815,1.0
2021-06-30,0.004222227594966377,2184172.85967396,-0.0012330306338474983,1.0
2021-07-01,0.004780248766442341,2194638.74412828,0.0,1.0
2021-07-02,-0.00034879566424628194,2193873.397132357,-0.0003487348421102876,1.0
2021-07-06,-0.00412719791971039,2184837.506691983,-0.004465991253694956,1.0
2021-07-07,0.0008864937460204558,2186775.2102318723,-0.0035830652846380318,1.0
2021-07-08,-0.009211393662812206,2166724.452405125,-0.012719310546138507,1.0
2021-07-09,0.0105359676055099,2189673.674885481,-0.0022623628859568257,1.0
2021-07-12,0.006170168445119639,2203226.097668936,0.0,1.0
2021-07-13,-0.002006246141812884,2198810.314865688,-0.0020042349752120714,1.0
2021-07-14,0.005405647601935293,2210728.4922831734,0.0,1.0
2021-07-15,-0.007237244946564303,2194786.6657090536,-0.007211119153603285,1.0
2021-07-16,0.004023240840254516,2203634.6078244755,-0.00320884472401739,1.0
2021-07-19,-0.020830203374435197,2158207.2241574805,-0.023757448419842175,1.0
2021-07-20,0.01894085125167555,2199475.096728289,-0.0050903562306116035,1.0
2021-07-21,0.01469619732851335,2232037.70395391,0.0,1.0
2021-07-22,-0.006505167370207676,2217565.0496691004,-0.006484054574513842,1.0
2021-07-23,0.00042799381911295953,2218514.3569381703,-0.006058744882214251,1.0
2021-07-26,0.006780393032046028,2233607.868369945,0.0,1.0
2021-07-27,-0.0024305861351652247,2228185.484508712,-0.002427634652446886,1.0
2021-07-28,0.005012933173112799,2239383.272872674,0.0,1.0
2021-07-29,-0.0024058039782719476,2234002.231147124,-0.0024029123512416817,1.0
2021-07-30,0.003818601180090475,2242549.3032471994,0.0,1.0
2021-08-02,-0.005386073480923237,2230503.237533997,-0.005371594593599371,1.0
2021-08-03,0.009184478201233581,2251083.6112230383,0.0,1.0
2021-08-04,-0.000272740800518978,2250469.7325955573,-0.000272703610128211,1.0
2021-08-05,0.0015736142549065413,2254013.891685283,0.0,1.0
2021-08-06,0.002184188463361547,2258942.463329035,0.0,1.0
2021-08-09,0.002837238221932381,2265360.7219859893,0.0,1.0
2021-08-10,0.004389384656395379,2275326.1165552684,0.0,1.0
2021-08-11,0.0035612962367790324,2283443.672823433,0.0,1.0
2021-08-12,-0.0012548603006630188,2280580.0670979475,-0.0012540732927055487,1.0
2021-08-13,0.0011174898357544372,2283130.016648545,-0.00013736103001837918,1.0
2021-08-16,0.0007492697649018609,2284841.337979963,0.0,1.0
2021-08-17,0.007908558895874052,2302982.7820534823,0.0,1.0
2021-08-18,-0.014265481925604284,2270362.845547128,-0.0141642120646982,1.0
2021-08-19,-0.008789208150516092,2250495.59053584,-0.022790961324878567,1.0
2021-08-20,0.01853103007089807,2292588.399002483,-0.0045134436661878885,1.0
2021-08-23,0.005503888143894464,2305241.337348211,0.0,1.0
2021-08-24,0.002300879182386417,2310551.525860095,0.0,1.0
2021-08-25,0.005306013004201304,2322843.925278998,0.0,1.0
2021-08-26,-0.006874625889831787,2306930.0060875844,-0.00685104970602024,1.0
2021-08-27,0.00825785796141032,2326059.1807032716,0.0,1.0
2021-08-30,0.0020992659000418357,2330947.3263864373,0.0,1.0
2021-08-31,0.0015470612653598614,2334556.2355887056,0.0,1.0
2021-09-01,0.0027424204392922924,2340967.357303376,0.0,1.0
2021-09-02,0.0018874412473484092,2345389.9680482782,0.0,1.0
2021-09-03,-0.0018460212626805195,2341064.3221435505,-0.0018443184134224744,1.0
2021-09-07,-0.0020990938131721926,2336155.362494601,-0.003937343332870991,1.0
2021-09-08,0.002624298543418835,2342294.1831354867,-0.0013199446381907398,1.0
2021-09-09,-0.004930103606155978,2330774.849223688,-0.006231423781842382,1.0
2021-09-10,-0.009666441058229669,2308353.0953951715,-0.015791349480328454,1.0
2021-09-13,0.009355323104262236,2330049.816112696,-0.006540554937372489,1.0
2021-09-14,0.0005454061610978833,2331320.9862585724,-0.005998568247229885,1.0
2021-09-15,0.00877186630899951,2351860.9775973433,0.0,1.0
2021-09-16,0.0015010339884184987,2355393.8516794615,0.0,1.0
2021-09-17,0.005686723617738032,2368826.483156609,0.0,1.0
2021-09-20,-0.016576404725636262,2329883.51555892,-0.016439772129613783,1.0
2021-09-21,0.008599049311862395,2350004.686283832,-0.007945620756356853,1.0
2021-09-22,0.00735247631271152,2367346.715379372,-0.0006246839047768793,1.0
2021-09-23,0.011735878311692982,2395293.276313957,0.0,1.0
2021-09-24,0.006193772578353851,2410175.2182317143,0.0,1.0
2021-09-27,-0.0010205513715684233,2407716.765309157,-0.001020030786127335,1.0
2021-09-28,-0.014456280500182661,2373160.515610835,-0.01535768119300307,1.0
2021-09-29,-0.0030594492273112728,2365911.046850586,-0.01836554083134423,1.0
2021-09-30,0.001129626848854759,2368585.153578129,-0.01725603364393513,1.0
2021-10-01,-0.0036370725251013702,2359986.0847903523,-0.020823852582047775,1.0
2021-10-04,-0.002467144786418629,2354170.8339078804,-0.023236644331993017,1.0
2021-10-05,0.0035707506572815184,2362592.016985226,-0.019742631525934806,1.0
2021-10-06,0.0031260540065112252,2369989.1631409894,-0.016673499414788795,1.0
2021-10-07,-0.005342123394663112,2357362.146158323,-0.021912544645670495,1.0
2021-10-08,0.00393043523764991,2366645.83792867,-0.0180606704333226,1.0
2021-10-11,-0.0022677710589462663,2361284.9079690543,-0.020284960982434153,1.0
2021-10-12,0.0007025398894233703,2362944.387664282,-0.019596430255425235,1.0
2021-10-13,0.0028112562907942618,2369596.5760610295,-0.01683638677542143,1.0
2021-10-14,-0.010955923010381952,2343777.1544686966,-0.0275490608569664,1.0
2021-10-15,0.0007892198429484409,2345627.6400303636,-0.026781280345545833,1.0
2021-10-18,0.0035228023640971884,2353905.394511813,-0.023346777153067433,1.0
2021-10-19,0.0048549045297581195,2365361.1663123234,-0.01859369044225334,1.0
2021-10-20,-0.0007396184441192943,2363612.3483754382,-0.019319288284126546,1.0
2021-10-21,-0.005174232515709587,2351414.0541283814,-0.024380453196446217,1.0
2021-10-22,-0.00018830646881795587,2350971.3093382823,-0.02456415137189416,1.0
2021-10-25,0.0005876906727091402,2352353.35931775,-0.02399072834065008,1.0
2021-10-26,0.0038239603548295698,2361365.8860946107,-0.020251362543223683,1.0
2021-10-27,-0.0002958476229717455,2360667.384940291,-0.02054117597630356,1.0
2021-10-28,-0.0038726195877107905,2351543.0970365456,-0.024326912313946014,1.0
2021-10-29,0.0010065949011544006,2353911.3400585777,-0.023344310300566495,1.0
2021-11-01,0.0038452185900168523,2362980.068149585,-0.019581626151129128,1.0
2021-11-02,0.0026205319087320156,2369180.4534233296,-0.017009039217680377,1.0
2021-11-03,-0.006238116857385734,2354447.230459389,-0.023121965303921632,1.0
2021-11-04,0.0031983975936062947,2361989.7443648926,-0.0199925190095408,1.0
2021-11-05,-0.0065376950394782085,2346598.143348249,-0.026378611149321385,1.0
2021-11-08,-0.002271382064238381,2341274.1710899645,-0.028587567667507918,1.0
2021-11-09,-0.0009139318023874132,2339135.383668691,-0.02947496680973405,1.0
2021-11-10,-0.003460912631266133,2331053.8333096453,-0.03282806342192768,1.0
2021-11-11,0.0033880498338332288,2338964.9539301316,-0.029545679402441127,1.0
2021-11-12,-0.008236399635737524,2319779.4221484,-0.03750590222632677,1.0
2021-11-15,-0.006510265765612644,2304726.0953394673,-0.04375164182860214,1.0
2021-11-16,-0.002405024715538051,2299189.832211003,-0.04604867944088242,1.0
2021-11-17,0.0018237526092956813,2303386.8116295584,-0.044307320809855444,1.0
2021-11-18,-0.0006735092999634595,2301835.981498394,-0.04495077200769082,1.0
2021-11-19,0.003877002378803507,2310777.5270708683,-0.041240856850968566,1.0
2021-11-22,-0.0007414529199190056,2309064.8293469655,-0.041951468142192194,1.0
2021-11-23,0.004465574405938977,2319399.1873995424,-0.03766366451098602,1.0
2021-11-24,-0.002175269087629772,2314359.353530019,-0.0397547298540365,1.0
2021-11-26,-0.035673398976908466,2233253.5498131663,-0.07340614370284293,1.0
2021-11-29,-0.023039931770158617,2182387.762639386,-0.09451074505672252,1.0
2021-11-30,0.01603706303450103,2217669.000316626,-0.07987229163211018,1.0
2021-12-01,-0.010866043141715132,2193702.1614527167,-0.0898163150718223,1.0
2021-12-02,-0.002992634996235033,2187147.02505058,-0.09253609094228621,1.0
2021-12-03,-0.014309142021349253,2156073.674333047,-0.10542866011421992,1.0
2021-12-06,0.029633155205948114,2220921.0104849976,-0.07852300791872213,1.0
2021-12-07,0.016358125829116332,2257549.8889479022,-0.06332540809866494,1.0
2021-12-08,0.009449529979283167,2278983.784932311,-0.054432321893864266,1.0
2021-12-09,-0.005791314041700968,2265823.618248774,-0.05989257498417366,1.0
2021-12-10,-0.01350385748341143,2235431.923419501,-0.07250231995183232,1.0
2021-12-13,-0.001560956392145041,2231945.233662734,-0.07394897400851352,1.0
2021-12-14,-0.0030367784910358964,2225177.5914999996,-0.07675692013273738,1.0
2021-12-15,-0.012744626864714892,2196998.4809295842,-0.0884486470898711,1.0
2021-12-16,0.005895548409089901,2209989.2480496312,-0.08305867916480969,1.0
2021-12-17,-0.003706555604992001,2201812.9623050382,-0.08645108220785136,1.0
2021-12-20,-0.006418624365029935,2187725.6110510062,-0.09229603121714691,1.0
2021-12-21,0.008605614090593683,2206633.5740239774,-0.08445097379976818,1.0
2021-12-22,0.011195345855753658,2231476.4026171183,-0.07414349556946442,1.0
2021-12-23,0.00028546492461556383,2232113.5017905803,-0.07387915828450575,1.0
2021-12-27,0.006556203057617616,2246795.768525404,-0.06778737432466753,1.0
2021-12-28,0.0022959280211214406,2251960.1761736255,-0.06564462237486923,1.0
2021-12-29,0.0018500110490533572,2256130.1834720285,-0.06391445468130941,1.0
2021-12-30,0.00048249913918541054,2257219.0270053535,-0.06346268523106835,1.0
2021-12-31,0.0033876518870727956,2264878.666071809,-0.06028464281800472,1.0
2022-01-03,0.006818958540886211,2280375.5560730333,-0.05385486547899698,1.0
2022-01-04,-0.0034235619781113336,2272581.8976720427,-0.05708851353165123,1.0
2022-01-05,-0.013804285028740093,2241426.0661433684,-0.07001530461845551,1.0
2022-01-06,-0.00032240474715683476,2240703.5362190404,-0.07031508777067719,1.0
2022-01-07,0.00013385393056664086,2241003.4832686954,-0.0701906374620912,1.0
2022-01-10,0.002120803901830559,2245761.2555677597,-0.06821660160649279,1.0
2022-01-11,-0.006717421823610348,2230726.08522658,-0.0744548079524242,1.0
2022-01-12,-0.0005531380185512802,2229492.527015291,-0.07496662062146064,1.0
2022-01-13,-0.009205174586234044,2209063.8281874047,-0.08344264289293457,1.0
2022-01-14,-0.0036496334607378778,2201016.249212591,-0.08678164451984449,1.0
2022-01-18,0.01751573414621488,2239908.2815975295,-0.07064504495200374,1.0
2022-01-19,0.004658007411051823,2250366.128428628,-0.06630600488886207,1.0
2022-01-20,0.008637576225493326,2269888.0269679995,-0.05820622094299022,1.0
2022-01-21,-0.011172120415523512,2244669.6980091385,-0.06866949712643844,1.0
2022-01-24,0.014968394354983428,2278521.5209157057,-0.05462411874461126,1.0
2022-01-25,0.001029031920307677,2280867.3990765847,-0.05365079608195433,1.0
2022-01-26,0.004005569569578871,2290021.894366444,-0.0498525264704297,1.0
2022-01-27,0.0019807303363181816,2294562.3053839225,-0.04796867546112027,1.0
2022-01-28,0.00808282537360272,2313184.0084113064,-0.04024238946891501,1.0
2022-01-31,0.009764589765917098,2335881.938948221,-0.03082484572968114,1.0
2022-02-01,-0.015156455144021308,2300745.195979519,-0.04540334720248329,1.0
2022-02-02,-0.005973989596188556,2287041.5416148324,-0.051089097458740795,1.0
2022-02-03,0.01967372959036151,2332481.7015294596,-0.03223563005483754,1.0
2022-02-04,0.010145442116969328,2356266.2077756734,-0.022367257802771934,1.0
2022-02-07,-0.0034714216969038425,2348100.7951335814,-0.025755149513019826,1.0
2022-02-08,-0.0070926269957465315,2331505.5136851235,-0.032640657804252404,1.0
2022-02-09,-0.004465416041661285,2321117.5820426126,-0.03695068952473968,1.0
2022-02-10,0.01532749975644343,2356968.562284978,-0.022075845583447884,1.0
2022-02-11,0.020674293297579194,2406204.4262680085,-0.0016475117384283644,1.0
2022-02-14,0.0014072279395427323,2409592.887974719,-0.00024161324562221864,1.0
2022-02-15,-0.011394365662096284,2382292.933708766,-0.011568571576055287,1.0
2022-02-16,-0.009464054578481651,2359853.136585578,-0.020879013801766932,1.0
2022-02-17,0.021392137917407794,2410879.273545818,0.0,1.0
2022-02-18,0.0018375218275026306,2415313.389479195,0.0,1.0
2022-02-22,-0.0015127046679923595,2411662.4956984846,-0.001511561106982251,1.0
2022-02-23,0.007833974109375141,2430629.5941267246,0.0,1.0
2022-02-24,-0.00312075865102468,2423056.0096048038,-0.0031158941453776068,1.0
2022-02-25,-0.0055605107718395,2409619.970801244,-0.008643696010386503,1.0
2022-02-28,0.00892780341380739,2431228.9008127684,0.0,1.0
2022-03-01,-0.011954115817806699,2402338.73120468,-0.0118829492354382,1.0
2022-03-02,-0.013284565565285344,2370635.7512210193,-0.024922848511504836,1.0
2022-03-03,0.0012946909846740517,2373706.9796729595,-0.023659607337087496,1.0
2022-03-04,0.013034238076359728,2404848.9566457234,-0.01085045680323482,1.0
2022-03-07,0.009671955686525013,2428221.3955830517,-0.0012370308812598152,1.0
2022-03-08,-0.0018738932826267707,2423675.428480001,-0.003106853628731532,1.0
2022-03-09,-0.006153262801356085,2408807.7060360117,-0.009222165288205186,1.0
2022-03-10,-0.017114558234147204,2367932.801950356,-0.026034611073129432,1.0
2022-03-11,0.007948864036583458,2386830.18470229,-0.018261841201227758,1.0
2022-03-14,0.005154807124879479,2399165.599972787,-0.013188104513426335,1.0
2022-03-15,-0.004775104548670139,2387736.642353658,-0.017889001913629188,1.0
2022-03-16,-0.015307250493833191,2351465.2751393993,-0.03280794566348888,1.0
2022-03-17,-0.0021615841452962137,2346387.8746736064,-0.03489635472447672,1.0
2022-03-18,-0.006366395720003748,2331497.290919303,-0.041021069575195024,1.0
2022-03-21,-0.0023001240829549907,2326140.7206009203,-0.04322430527899568,1.0
2022-03-22,-0.0013850445583227788,2322921.142198422,-0.04454856495747428,1.0
2022-03-23,0.0003644612500970368,2323767.9112396627,-0.044200276468078004,1.0
2022-03-24,-0.0020953625742676785,2318903.872669005,-0.04620092666149733,1.0
2022-03-25,-0.003815247428669899,2310073.5363018103,-0.04983297313982049,1.0
2022-03-28,-0.0018345785441247209,2305839.4100628947,-0.05157453117966615,1.0
2022-03-29,-0.00946382960720138,2284120.2739902716,-0.060507929456300014,1.0
2022-03-30,0.002559704263978446,2289974.435659924,-0.05810002715319096,1.0
2022-03-31,0.006727366316208183,2305431.868151737,-0.051742159127417864,1.0
2022-04-01,-0.008023520914064886,2287008.19753304,-0.05932008427158586,1.0
2022-04-04,-0.010778990214430628,2262488.942357652,-0.06940521248275144,1.0
2022-04-05,0.01355229931963553,2293359.5812953096,-0.056707667250651905,1.0
2022-04-06,0.002831727676568363,2299862.9546394255,-0.054032734692083806,1.0
2022-04-07,-0.004842385240798386,2288753.053132944,-0.0586023996474353,1.0
2022-04-08,-0.002401159041091283,2283263.9857457783,-0.060860133333198285,1.0
2022-04-11,0.006762672127690106,2298757.280451335,-0.054487514654480984,1.0
2022-04-12,0.0008104756926727852,2300621.122547827,-0.053720889144283634,1.0
2022-04-13,-0.026483485349116265,2240492.380443858,-0.07845272006479787,1.0
2022-04-14,0.005762459839214529,2253440.398193128,-0.0731270110190797,1.0
2022-04-18,-0.0029055732663176848,2246902.3649818543,-0.07581619968785869,1.0
2022-04-19,-0.013246210573816697,2217335.678710784,-0.0879774101198284,1.0
2022-04-20,-0.005050313066956136,2206165.669122983,-0.09257179840801755,1.0
2022-04-21,0.020329239059687865,2251474.3232347155,-0.07393568640038806,1.0
2022-04-22,0.018121484262611176,2292646.301738009,-0.057001049563219164,1.0
2022-04-25,-0.0060542010902775445,2278808.0919189304,-0.06269290762498059,1.0
2022-04-26,0.027370655991687087,2342041.9933501733,-0.03668387926483574,1.0
2022-04-27,0.0039871528864110495,2351398.7137858868,-0.03283532332154904,1.0
2022-04-28,-0.014540101072556766,2317456.498434191,-0.04679625284996525,1.0
2022-04-29,0.019161808840181926,2362291.3433725205,-0.028355025484108842,1.0
2022-05-02,-0.006686958855769198,2346547.496249038,-0.03483070003627442,1.0
2022-05-03,-0.01837024048328839,2303834.380717196,-0.05239922907011507,1.0
2022-05-04,-0.030681950751983322,2234221.6360395723,-0.08103196893856268,1.0
2022-05-05,0.04009913532814746,2325632.491636377,-0.04343334728420278,1.0
2022-05-06,-0.006882240118172511,2309681.8813260477,-0.049994066558721406,1.0
2022-05-09,0.015704162021928703,2346239.8042566436,-0.034957258252282464,1.0
2022-05-10,-0.007185711797739636,2329440.8297931273,-0.04186692210906717,1.0
2022-05-11,-0.004971933419264829,2317887.749455844,-0.04661887299835654,1.0
2022-05-12,-0.004580541186540721,2307294.8482848466,-0.05097588815536458,1.0
2022-05-13,-0.019122985094160327,2263591.682590523,-0.0689516392990408,1.0
2022-05-16,-0.014251454900559679,2231560.9919128083,-0.08212633077585185,1.0
2022-05-17,-0.00935478621482222,2210782.5563494414,-0.09067280517668697,1.0
2022-05-18,0.04087507370502674,2303020.735416275,-0.052733893280732635,1.0
2022-05-19,-0.019852249399621158,2257751.4289396983,-0.07135382103062204,1.0
2022-05-20,-0.000824733348016693,2255890.15367811,-0.07211939076408735,1.0
2022-05-23,-0.0035473749535670507,2247901.8425932718,-0.07540509993041367,1.0
2022-05-24,0.0009643893432391692,2250070.7408379954,-0.0745130003654576,1.0
2022-05-25,-0.002138424536198613,2245264.275321109,-0.07648996991994073,1.0
2022-05-26,-0.007038869885895416,2229515.643535698,-0.08296761247352613,1.0
2022-05-27,-0.009736021122266791,2207914.3580557387,-0.09185253707800811,1.0
2022-05-31,-0.005409007948015798,2196003.972468492,-0.09675145284166364,1.0
2022-06-01,-0.0018073726484155728,2192038.559521741,-0.0983824851749111,1.0
2022-06-02,-0.001358359931612263,2189063.003569454,-0.09960637485115342,1.0
2022-06-03,0.00027165807673323883,2189657.7609965233,-0.09936174242395979,1.0
2022-06-06,-0.005060828762524672,2178604.2715201303,-0.10390820428639391,1.0
2022-06-07,-0.00669157952255528,2164074.6351141706,-0.10988445621442189,1.0
2022-06-08,-0.0010077572106244048,2161894.8718168708,-0.11078102473438778,1.0
2022-06-09,0.01386508259305419,2192078.488399264,-0.09836606184368557,1.0
2022-06-10,0.012935090182788045,2220617.400114572,-0.0866275901161705,1.0
2022-06-13,0.03395043221337968,2297302.7045586454,-0.05508580299014665,1.0
2022-06-14,-0.008336656658221031,2278230.4903809247,-0.06293048358412312,1.0
2022-06-15,-0.012106335543204061,2250815.748483972,-0.07420656782604196,1.0
2022-06-16,0.010640442562568353,2274893.294880127,-0.06430312089510692,1.0
2022-06-17,-0.003996610411852508,2265819.576787849,-0.06803527383605157,1.0
2022-06-21,-0.0016157954767992422,2262161.4319672477,-0.06953992229567552,1.0
2022-06-22,-0.012240363680697364,2234640.529873266,-0.08085967177906705,1.0
2022-06-23,-0.00018863256116219418,2234219.043661101,-0.08103303522173766,1.0
2022-06-24,-0.002996328106470436,2227534.609724268,-0.08378244064983142,1.0
2022-06-27,-0.011666985050118761,2201697.013240607,-0.09440982191986447,1.0
2022-06-28,0.006915751722628372,2216976.175702571,-0.08812527896430156,1.0
2022-06-29,-0.001338257098010942,2214011.2759408862,-0.08934478559351833,1.0
2022-06-30,5.753555958598611e-05,2214138.6639832132,-0.08929238902884917,1.0
2022-07-01,-0.006688803225082474,2199378.146278195,-0.09536360581147452,1.0
2022-07-05,0.0009398406462226561,2201446.182916702,-0.094512992100106,1.0
2022-07-06,-0.0037152137773004412,2193282.514005681,-0.09787082850468787,1.0
2022-07-07,-0.0021853740076025474,2188494.6049997215,-0.09984016549486552,1.0
2022-07-08,-0.004639649408140656,2178364.2760606566,-0.10400691792845096,1.0
2022-07-11,0.006249999825325148,2192021.6873569507,-0.0983894249430195,1.0
2022-07-12,0.00041483613371351424,2192931.205796263,-0.09801532670857993,1.0
2022-07-13,-0.006475327830622213,2178777.132916251,-0.10383710386632938,1.0
2022-07-14,-0.0028185987472095775,2172644.680939632,-0.1063594710422745,1.0
2022-07-15,-0.01211769692652176,2146476.1028285446,-0.11712298989578063,1.0
2022-07-18,0.0073074694286212605,2162218.86113772,-0.11064776318886205,1.0
2022-07-19,-0.0006235522322342035,2160871.025007064,-0.11120214789949345,1.0
2022-07-20,-0.007495415957544438,2144734.946698817,-0.11783915287374858,1.0
2022-07-21,-0.007241896169779771,2129259.103762867,-0.12420459338442047,1.0
2022-07-22,-0.002149078667674331,2124688.07195778,-0.12608472561037365,1.0
2022-07-25,-0.004937700121747213,2114222.8577136113,-0.13038922126714636,1.0
2022-07-26,0.00855282520837175,2132382.9857654558,-0.12291969503464173,1.0
2022-07-27,-0.0007578498580982362,2130767.571820213,-0.12358413841333904,1.0
2022-07-28,-0.010383276467698543,2108757.6881318414,-0.13263712543608042,1.0
2022-07-29,-0.0003447401923324378,2108030.839894952,-0.1329360887449842,1.0
2022-08-01,0.007607375726551346,2124128.575665205,-0.12631485461730851,1.0
2022-08-02,-0.0007085141963707464,2122624.1334367027,-0.12693365370611465,1.0
2022-08-03,-0.010824528724658222,2099771.6344345803,-0.13633322072939358,1.0
2022-08-04,-0.0028120154002273523,2093875.3383846174,-0.13875845351927685,1.0
2022-08-05,-0.008199593440010311,2076776.6090106755,-0.1457914109541879,1.0
2022-08-08,0.001148567187785332,2079163.296853439,-0.14480973134271014,1.0
2022-08-09,-0.00029406869448322936,2078551.96990758,-0.14506117905528648,1.0
2022-08-10,-0.013341055543335756,2051006.0470302545,-0.15639121995275884,1.0
2022-08-11,0.0008577001268577078,2052765.9498035049,-0.1556673462061684,1.0
2022-08-12,0.0005570247701047748,2053909.7098065258,-0.15519690099114214,1.0
2022-08-15,-0.0040378658959463465,2045633.0191648912,-0.15860122488629969,1.0
2022-08-16,0.001781397580289834,2049280.352586328,-0.1571010233132526,1.0
2022-08-17,-0.002427779005542696,2044311.1872282475,-0.1591449136916614,1.0
2022-08-18,-0.0027200793848995986,2038758.0544164805,-0.16142899842342429,1.0
2022-08-19,0.014141549372006068,2067794.0753705825,-0.1494860583965123,1.0
2022-08-22,0.01776275459464216,2104851.944646785,-0.13424361484715586,1.0
2022-08-23,-0.004371903779269104,2095669.8207814344,-0.13802035666783796,1.0
2022-08-24,-0.009346244218973787,2076174.425112346,-0.14603909799761206,1.0
2022-08-25,-0.007897318712144497,2059842.7869315261,-0.15275653960722768,1.0
2022-08-26,0.022616502283974604,2106960.0312793283,-0.13337652798756872,1.0
2022-08-29,-9.632161613293277e-05,2106757.095257708,-0.13345999854089774,1.0
2022-08-30,0.0026172203369903,2112278.1645483924,-0.13118910200423728,1.0
2022-08-31,-0.0066517669753229924,2098274.408904562,-0.13694905148458003,1.0
2022-09-01,7.478013977113562e-05,2098431.324025132,-0.1368845100008398,1.0
2022-09-02,0.002725106680123268,2104157.5720186513,-0.1345292204632711,1.0
2022-09-06,0.008184129647884397,2121448.9312359765,-0.12741703155685236,1.0
2022-09-07,-0.014721864522250883,2090446.0177703083,-0.14016898323664018,1.0
2022-09-08,-0.004455306458670982,2081153.1567693984,-0.14399127286054325,1.0
2022-09-09,-0.001954429878264108,2077089.6610607533,-0.14566264806807172,1.0
2022-09-12,0.0004353588236760686,2077994.13724382,-0.14529062378736157,1.0
2022-09-13,0.01588771708717296,2111272.3778373986,-0.13160279678659925,1.0
2022-09-14,-0.002423511468175654,2106161.8801934277,-0.13370481920096855,1.0
2022-09-15,-1.935476165915162e-05,2106121.1163267097,-0.13372158597546036,1.0
2022-09-16,-0.0022630704057649,2101360.205127925,-0.13567981837274434,1.0
2022-09-19,-0.0005795559935526384,2100142.702066107,-0.13618059518623604,1.0
2022-09-20,0.009205217612967331,2119564.225188564,-0.12819223871516738,1.0
2022-09-21,0.006512422552633623,2133412.7678864063,-0.12249613058926745,1.0
2022-09-22,0.0008588498796147093,2135245.8362378646,-0.1217421627704226,1.0
2022-09-23,0.012527609041412369,2162163.6169571076,-0.1106704859282116,1.0
2022-09-26,0.0033084459415677614,2169328.8647823907,-0.10772331471661245,1.0
2022-09-27,0.003072273309039808,2176003.884444181,-0.10497778151751358,1.0
2022-09-28,-0.011341838030379137,2151463.4308259604,-0.11507162895821177,1.0
2022-09-29,0.006386374658731597,2165247.4504673393,-0.10940206010898879,1.0
2022-09-30,0.0034695475473309756,2172772.926898465,-0.10630672160400056,1.0
2022-10-03,-0.01059878757570587,2149865.7766436003,-0.11572876748672545,1.0
2022-10-04,-0.010337772633043585,2127755.435801149,-0.12482307400597581,1.0
2022-10-05,0.0020564326736609573,2132135.523735276,-0.12302147978641764,1.0
2022-10-06,0.006026959434658252,2145024.6200608453,-0.11772000598390553,1.0
2022-10-07,0.007100098646081854,2160308.7014968977,-0.1114334397823673,1.0
2022-10-10,0.0035021620358586247,2167887.71633957,-0.10831608014579064,1.0
2022-10-11,0.001324393022191117,2170760.75379942,-0.10713435782466763,1.0
2022-10-12,-0.003156494789669395,2163919.5615644166,-0.10994824023315508,1.0
2022-10-13,-0.002973912905352094,2157493.8127985876,-0.11259124466753012,1.0
2022-10-14,0.001608600408163241,2160967.151084191,-0.11116260983827053,1.0
2022-10-17,-0.0039825362096870265,2152378.135541993,-0.11469539753231561,1.0
2022-10-18,-0.0027241882974768927,2146522.6315823253,-0.11710385193893702,1.0
2022-10-19,0.0025985365977536645,2152107.702561353,-0.11480663057193186,1.0
2022-10-20,-0.005185065089500895,2140977.76370825,-0.11938453718096487,1.0
2022-10-21,0.0011129229841113641,2143361.8334668926,-0.11840393442577157,1.0
2022-10-24,-0.005438844889845029,2131736.0649462133,-0.123185783027848,1.0
2022-10-25,-0.00701609841038664,2116831.940470304,-0.1293160673753757,1.0
2022-10-26,-0.003636798920452655,2109147.430333312,-0.13247681876921724,1.0
2022-10-27,-0.004325265320294314,2100044.508564813,-0.13622098360925172,1.0
2022-10-28,-0.0028419434849222824,2094084.773382158,-0.13867230984211398,1.0
2022-10-31,-0.0030296117951795765,2087750.110083188,-0.14127784949198086,1.0
2022-11-01,0.0008134076803480994,2089448.9929058757,-0.14057907414338255,1.0
2022-11-02,0.005996734778018542,2102016.508716597,-0.13540987110926261,1.0
2022-11-03,-0.005097555112957508,2091328.6278896122,-0.13980595278771424,1.0
2022-11-04,0.002793318458866878,2097178.541281258,-0.1373997978634739,1.0
2022-11-07,-0.0035361680556764696,2089775.6621429913,-0.14044471030910666,1.0
2022-11-08,0.005552988692449468,2101412.4423166644,-0.13565833245312486,1.0
2022-11-09,0.0021390687338520564,2105912.3190259305,-0.13380746735861992,1.0
2022-11-10,-0.014430927565161511,2075740.279761029,-0.1462176683293368,1.0
2022-11-11,-0.008583235342625173,2057999.9560300142,-0.15351452290567225,1.0
2022-11-14,2.9432338812362957e-05,2058060.5286733888,-0.15348960849166782,1.0
2022-11-15,0.004383988200183708,2067102.8479746273,-0.14977037033263818,1.0
2022-11-16,-0.007787615080972365,2051067.5660044968,-0.15636591629902985,1.0
2022-11-17,-0.0031978660831457617,2044519.0028955163,-0.15905943606871964,1.0
2022-11-18,-0.0008320503696408466,2042818.5676254188,-0.1597588499616398,1.0
2022-11-21,-0.004872767516856946,2032888.6005248013,-0.16384319064107888,1.0
2022-11-22,-0.005840788698616706,2021049.5361552646,-0.16871277094492398,1.0
2022-11-23,-0.004966516188356529,2011036.845592676,-0.1728311369939789,1.0
2022-11-25,-0.0024392993248065764,2006137.3029280477,-0.1748463905404427,1.0
2022-11-28,0.005773079579383555,2017752.3883719363,-0.17006893604407447,1.0
2022-11-29,-0.001782232576320375,2014159.4869784121,-0.17154674892805377,1.0
2022-11-30,-0.00598353106308025,2002143.6854327444,-0.17648902381695908,1.0
2022-12-01,-0.004983594904077293,1992190.6339527804,-0.18058285943919794,1.0
2022-12-02,-0.0016974239298317428,1988811.910272381,-0.18197257789773957,1.0
2022-12-05,0.0028709338731527367,1994529.8617558074,-0.17962070083609605,1.0
2022-12-06,0.009868759550510475,2014310.8437122155,-0.171484493690074,1.0
2022-12-07,0.003985242569615188,2022354.3781071343,-0.16817607036875304,1.0
2022-12-08,-0.002151798784274739,2018007.3570495758,-0.16996406369842476,1.0
2022-12-09,0.0040988238856849435,2026295.7886127236,-0.16655491059055538,1.0
2022-12-12,0.0041306078402323365,2034682.931958767,-0.16310515588286845,1.0
2022-12-13,-0.012360051225940971,2009688.9284684367,-0.17338555501845565,1.0
2022-12-14,-0.012238230678606854,1985243.7795590677,-0.18344020223871405,1.0
2022-12-15,0.0116156764922275,2008438.1775831946,-0.17390000714792153,1.0
2022-12-16,-0.004847089576098362,1998726.6531565648,-0.1778944991611512,1.0
2022-12-19,-0.0061997964304501,1986373.2885291604,-0.18297561868193124,1.0
2022-12-20,-5.565873835511326e-05,1986262.7325747497,-0.18302109196269623,1.0
2022-12-21,-0.00705057766657724,1972307.686290818,-0.1887610065710108,1.0
2022-12-22,0.009529015806098329,1991191.6673932306,-0.18099374899353649,1.0
2022-12-23,-0.004625391543007673,1982002.8935150916,-0.18477322606172497,1.0
2022-12-27,-0.00270046484673081,1976657.7847624512,-0.18697174745592748,1.0
2022-12-28,0.001656056131587036,1979933.9530174728,-0.1856242115435639,1.0
2022-12-29,-0.001337599557444058,1977287.364670449,-0.1867127920331011,1.0
2022-12-30,-0.0030695129003781574,1971227.3609846497,-0.1892053601675837,1.0
2023-01-03,0.005465814143580161,1982031.2224266576,-0.1847615739661298,1.0
2023-01-04,0.003235262075151013,1988453.9969495335,-0.18211979288137525,1.0
2023-01-05,-0.00414398508455438,1980230.9231600536,-0.18550206338117514,1.0
2023-01-06,-0.00027358166952407004,1979689.242378397,-0.1857248646079438,1.0
2023-01-09,-0.00365854731217663,1972459.6885181146,-0.1886984858321179,1.0
2023-01-10,0.0053727708506294825,1983085.782659408,-0.18432781792102937,1.0
2023-01-11,-0.0011145405194490365,1980876.7844387712,-0.1852364111924808,1.0
2023-01-12,0.01842873742880613,2017720.289496674,-0.17008213878086798,1.0
2023-01-13,0.0014965641476343272,2020742.1980178491,-0.16883918361520467,1.0
2023-01-17,-0.003007535339171863,2014673.8743690008,-0.17133517387215647,1.0
2023-01-18,-0.00029849755324651284,2014072.5888924983,-0.17158249138154502,1.0
2023-01-19,-0.0019902905949464866,2010067.985645314,-0.17322964325846024,1.0
2023-01-20,0.002440213321182494,2014978.9698079263,-0.17120968365656075,1.0
2023-01-23,0.001047687430478561,2017091.1442033532,-0.17034091544032215,1.0
2023-01-24,0.0005852167788242824,2018271.925258102,-0.1698552429253426,1.0
2023-01-25,0.0005844773127421377,2019451.9042112322,-0.16936990032648824,1.0
2023-01-26,0.001186536689774531,2021849.4801134118,-0.16838374229695097,1.0
2023-01-27,0.0006939495502593651,2023253.0285904205,-0.16780644228355468,1.0
2023-01-30,-0.006731785462700035,2009678.6643813595,-0.1733897767875675,1.0
2023-01-31,0.002604435649246284,2014919.5649701117,-0.17123411773506103,1.0
2023-02-01,0.005293143914319121,2025613.1004473404,-0.16683571021627341,1.0
2023-02-02,-0.0021601947027254376,2021242.1045588143,-0.1686335647445183,1.0
2023-02-03,0.0021912758567270707,2025676.059818483,-0.16680981410623563,1.0
2023-02-06,-0.005059227560296087,2015453.5843874812,-0.17101446773945972,1.0
2023-02-07,-0.007829358119221475,1999735.4880967343,-0.1774795505975535,1.0
2023-02-08,0.00850016442522783,2016806.016920773,-0.17045819246120852,1.0
2023-02-09,0.004933766926697114,2026781.0547661248,-0.1663553135253678,1.0
2023-02-10,0.000740260981731744,2028281.957160682,-0.1657379704220281,1.0
2023-02-13,0.008183370316596772,2044948.239695252,-0.1588828846960405,1.0
2023-02-14,0.005467904319520045,2056160.4467106832,-0.15427113998879272,1.0
2023-02-15,-0.001332466334791338,2053422.506648085,-0.15539729477482822,1.0
2023-02-16,-0.008204404371250806,2036644.3196884224,-0.1622984084272916,1.0
2023-02-17,0.00041275457785650005,2037485.1274665317,-0.16195257189259582,1.0
2023-02-21,-0.008279266356460369,2020685.8840645861,-0.16886234636768926,1.0
2023-02-22,0.008280947499502034,2037488.5527733557,-0.16195116301380907,1.0
2023-02-23,-0.0046556073591772495,2028024.85280199,-0.16584372120452573,1.0
2023-02-24,-0.006423856337970157,2015038.8672072247,-0.17118504698031922,1.0
2023-02-27,0.004308416118266045,2023739.2220578485,-0.16760646380054744,1.0
2023-02-28,-0.0054814742553541684,2012676.4953381685,-0.17215672507622637,1.0
2023-03-01,-0.0008131357649574511,2011040.5812967648,-0.1728296004442581,1.0
2023-03-02,0.007961688584997795,2027115.7680371744,-0.16621764106230297,1.0
2023-03-03,0.008236995186984508,2043882.0680314568,-0.15932141669252953,1.0
2023-03-06,-0.0008083911224385787,2042230.4795670172,-0.16000073917997093,1.0
2023-03-07,-0.0017137865345997483,2038733.5298391613,-0.16143908574071097,1.0
2023-03-08,-0.004264684389885254,2030057.4882185983,-0.1650076685334141,1.0
2023-03-09,0.019143281064871065,2069293.8070112134,-0.1488691968413829,1.0
2023-03-10,0.019539530400110472,2110124.4429223975,-0.13207495920397483,1.0
2023-03-13,-0.008762522902642012,2091715.2026496981,-0.13964694893581164,1.0
2023-03-14,-0.010842625875697287,2069158.0277623744,-0.1489250448319993,1.0
2023-03-15,-0.013627120906074985,2041152.6111223737,-0.16044408223347084,1.0
2023-03-16,-0.025617189121107664,1989528.0794974742,-0.1816780070225522,1.0
2023-03-17,-0.008558539412973243,1972573.2826571732,-0.18865176290157826,1.0
2023-03-20,0.019782668353986566,2011984.590825426,-0.17244131552038877,1.0
2023-03-21,-0.006001603890223528,1999945.6189843817,-0.17739312069061342,1.0
2023-03-22,0.00693440714885174,2013862.25221624,-0.17166900593235024,1.0
2023-03-23,0.0009823089164902044,2015841.459000261,-0.1708549292391357,1.0
2023-03-24,0.016492938737225238,2049364.2938229786,-0.1570664970551029,1.0
2023-03-27,0.002586695445518483,2054672.237164835,-0.15488326233784455,1.0
2023-03-28,0.009264260704991756,2073795.7020404828,-0.1470175015823456,1.0
2023-03-29,-0.0038914297078425086,2065741.3534672891,-0.1503303729333324,1.0
2023-03-30,0.0018567882467976915,2069580.5609279522,-0.14875125076207996,1.0
2023-03-31,0.00043482028834240793,2070480.6522189984,-0.14838103005158032,1.0
2023-04-03,-0.006505269967953531,2057055.3316252842,-0.1539030607370605,1.0
2023-04-04,0.001050600463924134,2059217.6105577454,-0.1530136837920355,1.0
2023-04-05,0.001893333803884456,2063120.090051769,-0.15140853690820277,1.0
2023-04-06,0.0026063393457622652,2068504.2946016751,-0.14919393484086718,1.0
2023-04-10,-0.0008375187197682266,2066772.608793888,-0.14990620253693154,1.0
2023-04-11,-0.0004665485170147754,2065808.5839979043,-0.1503027200329441,1.0
2023-04-12,-0.002005463258415663,2061669.8322282129,-0.15200504915888857,1.0
2023-04-13,-0.004290966441365285,2052842.2291839274,-0.15563597138152852,1.0
2023-04-14,0.005569825806414741,2064308.1046309124,-0.15091988913886023,1.0
2023-04-17,0.0013088426868987924,2067011.7281201228,-0.14980784926128776,1.0
2023-04-18,0.004832479131547274,2077024.6933978654,-0.14568937021787265,1.0
2023-04-19,0.0021707203066982927,2081538.2301179194,-0.14383288656117332,1.0
2023-04-20,-0.0010186400397396156,2079418.9714965657,-0.14470456862313186,1.0
2023-04-21,0.0066674823484729195,2093329.7842994079,-0.1389828478924381,1.0
2023-04-24,-0.0010551928709472413,2091122.0826148568,-0.13989090787963765,1.0
2023-04-25,-0.009561508731561918,2071223.084386858,-0.14807565684397683,1.0
2023-04-26,0.0032921138242816284,2078053.022834952,-0.14526640328261498,1.0
2023-04-27,0.007995646706263404,2094735.003380157,-0.13840486073529323,1.0
2023-04-28,0.011718127102843479,2119425.7565559694,-0.12824919288865078,1.0
2023-05-01,-0.005836579997917646,2107091.5882724156,-0.13332241667248712,1.0
2023-05-02,0.007961592714197607,2123934.3519545253,-0.12639474166974296,1.0
2023-05-03,0.003715555710894769,2131840.627373145,-0.12314277497258153,1.0
2023-05-04,-0.0069767373903961705,2117019.0982356546,-0.12923908664958383,1.0
2023-05-05,0.008865804210418826,2135871.6229791753,-0.12148476753252402,1.0
2023-05-08,0.0018403589327671277,2139806.012633886,-0.11986649553296214,1.0
2023-05-09,-0.0027487773291290374,2133932.238924039,-0.12228246455500014,1.0
2023-05-10,0.0019464620751619144,2138089.9021522845,-0.12057235686960055,1.0
2023-05-11,7.717366640802581e-05,2138254.912756298,-0.12050448559513582,1.0
2023-05-12,0.0017711490250578166,2142045.4366608146,-0.118945387682451,1.0
2023-05-15,-0.00751750109606375,2126002.9828751483,-0.12554388352144963,1.0
2023-05-16,-0.0005056224176049895,2124928.2998219286,-0.12598591637687528,1.0
2023-05-17,0.004649761394797114,2134831.715814953,-0.12191249655625946,1.0
2023-05-18,-0.013855328434429381,2105456.89009173,-0.13399479193922537,1.0
2023-05-19,-0.0003474105464151833,2104725.559206476,-0.13429559902695354,1.0
2023-05-22,-0.0015149279887438638,2101539.4655088107,-0.13560608595667045,1.0
2023-05-23,-0.004673561733104847,2091740.7064703503,-0.13963645884142217,1.0
2023-05-24,-0.009075077097773665,2072843.8730908942,-0.14740900274838986,1.0
2023-05-25,0.003967283006576672,2081083.7655490243,-0.14401981448422618,1.0
2023-05-26,0.003191684770444514,2087736.540041493,-0.14128343104857166,1.0
2023-05-30,0.005423977729167806,2099091.1422565714,-0.13661311711339152,1.0
2023-05-31,-0.0007041407325987237,2097613.6069393205,-0.13722084899612663,1.0
2023-06-01,0.004502515804802876,2107079.439395602,-0.1333274136831798,1.0
2023-06-02,0.003972704623131484,2115466.8930325503,-0.12987753134830604,1.0
2023-06-05,0.0035910934631835367,2123077.389186481,-0.12674722298804164,1.0
2023-06-06,0.00435493914644125,2132343.423883618,-0.1229359674151751,1.0
2023-06-07,0.001786174914776506,2136155.5657796324,-0.12136797770645613,1.0
2023-06-08,0.0009474214794402691,2138180.3644635044,-0.12053514839811952,1.0
2023-06-09,-0.0028727579180980456,2132046.7043697606,-0.1230580124903049,1.0
2023-06-12,-0.0029556711765810206,2125754.37898173,-0.12564613793827362,1.0
2023-06-13,0.0004600830456817917,2126732.627551318,-0.12524376999617604,1.0
2023-06-14,0.005738452773939251,2138971.86585649,-0.12020959230065742,1.0
2023-06-15,-0.00508851793747489,2128115.3144533294,-0.12467505065364559,1.0
2023-06-16,-0.0022963431499203324,2123234.0381164756,-0.126682790992378,1.0
2023-06-20,0.0006951787104982898,2124710.578387396,-0.12607546838674977,1.0
2023-06-21,-0.0006513774793375227,2123327.04041818,-0.12664453778566698,1.0
2023-06-22,0.007631894871785949,2139594.044243606,-0.11995368123160599,1.0
2023-06-23,0.0005523449793334301,2140776.164710854,-0.11946745779667844,1.0
2023-06-26,-0.00704454083197259,2125748.3736969624,-0.1256486079997169,1.0
2023-06-27,0.0007387290706071248,2127319.3059926447,-0.12500246057396147,1.0
2023-06-28,0.0026197608803371075,2132899.6803220757,-0.12270717100761686,1.0
2023-06-29,-0.0007347506586072861,2131333.1064682784,-0.1233515257424892,1.0
2023-06-30,0.00011049539261964725,2131568.6219681306,-0.12325465477333719,1.0
2023-07-03,0.0015424386778430943,2134858.972784968,-0.12190128536589984,1.0
2023-07-05,-0.007611500009161887,2118671.1785452133,-0.12855956185905237,1.0
2023-07-06,-0.01662422353758064,2083741.0627479095,-0.14292682928731737,1.0
2023-07-07,0.003896522851763784,2091876.2465879691,-0.13958070920897347,1.0
2023-07-10,-0.0043270686123797475,2082844.1099705857,-0.14329575908122694,1.0
2023-07-11,0.0017187713966997364,2086427.121157088,-0.14182201418402518,1.0
2023-07-12,0.015985238862776807,2120047.153279055,-0.12799360332944554,1.0
2023-07-13,-0.004055408191180554,2111466.9066486564,-0.13152278424183528,1.0
2023-07-14,0.003570375328108444,2119019.1100759753,-0.12841645253247036,1.0
2023-07-17,0.0005854343892277569,2120260.0199346556,-0.1279060481611397,1.0
2023-07-18,0.008115602476202355,2137537.220019271,-0.12079968311306066,1.0
2023-07-19,-0.003991893393411328,2129021.407728354,-0.12430236123936556,1.0
2023-07-20,0.0016298302277073518,2132494.1804203186,-0.12287395904704068,1.0
2023-07-21,0.003201464299537271,2139332.224444345,-0.12006137154376584,1.0
2023-07-24,-9.275256506757756e-05,2139133.80509509,-0.12014298432370141,1.0
2023-07-25,0.00012046891784933678,2139391.519752716,-0.12003698251632744,1.0
2023-07-26,0.00517436515928571,2150490.2022495586,-0.11547193210370188,1.0
2023-07-27,-0.015081721210660426,2118300.4570839745,-0.12871204501730826,1.0
2023-07-28,0.009488328855324024,2138495.244317945,-0.12040563370933988,1.0
2023-07-31,0.0021128707311088846,2143018.385051422,-0.11854519978147549,1.0
2023-08-01,-0.0013001848188864962,2140233.8756612656,-0.11969050921294255,1.0
2023-08-02,-0.027815578741568814,2081522.364505514,-0.14383941231956654,1.0
2023-08-03,-0.0013186622678529325,2078779.3484571094,-0.14496765493279296,1.0
2023-08-04,-0.010501709675315496,2057062.8410734478,-0.1538999719912163,1.0
2023-08-07,0.010074068003786962,2077890.565835584,-0.14533322422214634,1.0
2023-08-08,0.0005271672289923757,2078986.2504264547,-0.14488255312716858,1.0
2023-08-09,0.0032177734425848925,2085686.7317044963,-0.14212654719296736,1.0
2023-08-10,-0.0006198856857757562,2084394.2449928934,-0.14265816587813962,1.0
2023-08-11,0.009921199652071166,2105176.860219099,-0.13410997232085753,1.0
2023-08-14,0.001853058689708309,2109081.4931329577,-0.13250393970395613,1.0
2023-08-15,-0.009250760875010755,2089660.8509284195,-0.14049193384060277,1.0
2023-08-16,-0.0027690872368788533,2083882.4019437279,-0.14286869440920247,1.0
2023-08-17,-0.015623186602816475,2051578.5201752095,-0.1561557533766732,1.0
2023-08-18,0.007974184180358002,2068003.5863712598,-0.14939988345814792,1.0
2023-08-21,0.010114188690858228,2089025.8974584036,-0.14075309948806758,1.0
2023-08-22,0.0006501275950041574,2090384.4724167027,-0.14019429774058711,1.0
2023-08-23,0.008339384093495994,2107889.882151509,-0.13299406672615888,1.0
2023-08-24,-0.012619024536867585,2081457.4942398097,-0.14386609440848164,1.0
2023-08-25,0.010056086710200418,2102494.408523236,-0.13521330393022035,1.0
2023-08-28,0.014212741662158024,2132589.9820916634,-0.12283455441865998,1.0
2023-08-29,0.006499282474835333,2146495.425542839,-0.11711504218082558,1.0
2023-08-30,0.013073139688825286,2174741.087544269,-0.10549718834896815,1.0
2023-08-31,0.0011349406732268363,2177210.6908197734,-0.10448140440748954,1.0
2023-09-01,0.005720899055752682,2189701.990067462,-0.09934355036029852,1.0
2023-09-05,-0.00599097256443315,2176622.7632847666,-0.10472322760020092,1.0
2023-09-06,-0.004287524325190084,2167310.4179596016,-0.10855353141159929,1.0
2023-09-07,-0.00375676387979329,2159183.6192550035,-0.11189620256110777,1.0
2023-09-08,0.003927291164393054,2167680.0350340633,-0.1084015025037749,1.0
2023-09-11,0.0006153414819154435,2169014.308954084,-0.10785269612870485,1.0
2023-09-12,0.0008483346989187623,2170855.139764747,-0.10709553549687456,1.0
2023-09-13,0.007197825040388572,2186536.9449895476,-0.10064537968490728,1.0
2023-09-14,0.0031110058489640657,2193349.8662384897,-0.09784312554640773,1.0
2023-09-15,-0.007459045829361521,2177050.4337447607,-0.10454732048596282,1.0
2023-09-18,0.0027578314632128453,2183062.658468632,-0.10207440453721717,1.0
2023-09-19,-0.00047716406904552144,2182021.227893921,-0.10250276016196436,1.0
2023-09-20,-0.010088579144618137,2160118.403998351,-0.11151171192633647,1.0
2023-09-21,-0.024426096078596693,2107994.3297024015,-0.13295110592108728,1.0
2023-09-22,0.001424120690145081,2110998.5066896053,-0.13171544399464363,1.0
2023-09-25,0.00198061823112905,2115183.732116565,-0.12999399957385682,1.0
2023-09-26,-0.02412355853910597,2064768.5156346576,-0.15073051536019577,1.0
2023-09-27,0.015071508752657614,2096123.381437232,-0.13783380053746042,1.0
2023-09-28,0.010059263936397222,2117315.248367761,-0.1291172757694946,1.0
2023-09-29,-0.0058319387207390605,2105003.132236312,-0.13418142918069043,1.0
2023-10-02,-0.00025777901465051656,2104460.5765357893,-0.13440459027438312,1.0
2023-10-03,-0.02081890036987666,2061100.9375530593,-0.15223904385801512,1.0
2023-10-04,0.019888865645891762,2102504.2649842026,-0.13520924982368876,1.0
2023-10-05,0.0027446149169048084,2108282.755791363,-0.13283247205289617,1.0
2023-10-06,0.002493026858728875,2113545.318456732,-0.13066790307150156,1.0
2023-10-09,0.006189185936380959,2126667.007818641,-0.12527076035181683,1.0
2023-10-10,0.01083650615374765,2149837.9673119644,-0.11574020587149736,1.0
2023-10-11,0.0034639862300540614,2157297.8895020285,-0.11267183078449083,1.0
2023-10-12,0.00012151009096283971,2157560.0388913914,-0.11256400490710217,1.0
2023-10-13,-0.03296715765924674,2087591.0925080003,-0.14134325574605033,1.0
2023-10-16,0.029699131506473186,2150520.5850827987,-0.11545943520008661,1.0
2023-10-17,-0.005513633723293054,2138696.0303497976,-0.12032304747824285,1.0
2023-10-18,0.004933888395891373,2149274.1921522645,-0.11597209483905258,1.0
2023-10-19,-0.00560718442770014,2137256.5394554515,-0.12091513113349417,1.0
2023-10-20,0.001731022980278052,2140959.3835695125,-0.11939209720080979,1.0
2023-10-23,0.004037602701910448,2149621.2016841583,-0.11582936474408789,1.0
2023-10-24,-0.003491662340288748,2142128.538825079,-0.1189112065470439,1.0
2023-10-25,-0.012969212173535638,2114526.1965118586,-0.13026445358354988,1.0
2023-10-26,0.00014109528584427267,2114824.5672388375,-0.13014172934031665,1.0
2023-10-27,-0.00929162124387517,2095265.4271420275,-0.13818668968537973,1.0
2023-10-30,0.018131094569755923,2133601.3688460314,-0.12241855625656595,1.0
2023-10-31,0.012188009610805128,2159764.8392737876,-0.11165713826790613,1.0
2023-11-01,0.004040169603510613,2168508.306179487,-0.10806082246943216,1.0
2023-11-02,0.008275302444655352,2186527.82391424,-0.10064913131656339,1.0
2023-11-03,0.004109641747170656,2195532.1595646306,-0.09694551638858173,1.0
2023-11-06,0.006213941328314654,2209217.5436392482,-0.09131651779036554,1.0
2023-11-07,-0.0003476801254311823,2208449.5761178294,-0.0916323940623045,1.0
2023-11-08,0.001416674953861996,2211580.448509803,-0.09034462046314773,1.0
2023-11-09,-0.00866066977314528,2192509.383870496,-0.0981888282351644,1.0
2023-11-10,0.008972462108571833,2212270.109852801,-0.09006095266750436,1.0
2023-11-13,0.004984110913798467,2223323.833060375,-0.08551439466801747,1.0
2023-11-14,0.004402107379378073,2233132.717353445,-0.08147985711797812,1.0
2023-11-15,0.007415454356463513,2249753.961965943,-0.07464329614795118,1.0
2023-11-16,0.0013142108648889206,2252712.556748962,-0.07342638284866054,1.0
2023-11-17,0.003756140253865503,2261189.972277584,-0.06993949787218301,1.0
2023-11-20,0.002608239649749322,2267095.3956507486,-0.0675105108807934,1.0
2023-11-21,0.001560446488311218,2270635.8383168085,-0.06605427503855066,1.0
2023-11-22,-3.0168559614907053e-06,2270628.9881458757,-0.06605709261402881,1.0
2023-11-24,0.009094538418219056,2291373.498603323,-0.05752457210536255,1.0
2023-11-27,-0.00017248447922124654,2290978.3063219623,-0.05768712046978375,1.0
2023-11-28,0.0015481242497665804,2294527.772191848,-0.056227173251856555,1.0
2023-11-29,-0.00032768930051307876,2293776.00317123,-0.05653638684353712,1.0
2023-11-30,0.003176068817526634,2301072.7750002355,-0.053535117885864736,1.0
2023-12-01,-0.0017670231159288008,2297010.316501455,-0.05520606647380821,1.0
2023-12-04,0.00253525171732516,2302841.2041118233,-0.052807737131631116,1.0
2023-12-05,0.0029160438616515627,2309566.190481656,-0.05004165189482568,1.0
2023-12-06,-0.00366533070325481,2301116.36178081,-0.05351719000562272,1.0
2023-12-07,-0.0007722914161840677,2299339.915422397,-0.054247868370715824,1.0
2023-12-08,0.006524339358196407,2314390.633939426,-0.04805728775035667,1.0
2023-12-11,0.003980888826526474,2323622.328738045,-0.044260156679920226,1.0
2023-12-12,0.006995367716500667,2339933.907590458,-0.037550965765415945,1.0
2023-12-13,-0.0017324645542826644,2335883.5645871065,-0.03921693107291857,1.0
2023-12-14,-0.004829620487434738,2324629.3321786444,-0.043845961438878645,1.0
2023-12-15,-0.0007998855806863325,2322770.6381657664,-0.044610469467002534,1.0
2023-12-18,0.005796739711820376,2336274.235572625,-0.03905624238359451,1.0
2023-12-19,0.0049200743032189465,2347797.2020852356,-0.034316677750762636,1.0
2023-12-20,-0.009852572648505475,2324778.940340145,-0.04378442541425731,1.0
2023-12-21,0.003490042623878864,2332906.692784325,-0.04044136197771164,1.0
2023-12-22,0.007737870229929555,2351028.4434899287,-0.03298762090892726,1.0
2023-12-26,0.009951113722481253,2374540.5868790587,-0.02331673250295707,1.0
2023-12-27,0.005452335190033519,2387522.7374381763,-0.017976984133407203,1.0
2023-12-28,-0.0006312351824671047,2386016.1246508905,-0.01859667600478221,1.0
2023-12-29,-0.0007695047710409852,2384180.780102949,-0.019351580056526485,1.0
2024-01-02,-0.0019101919160728897,2379630.8842209904,-0.02122301876821575,1.0
2024-01-03,-0.009100958452815888,2358072.213497861,-0.030090415300036533,1.0
2024-01-04,-0.0019587089040440375,2353457.9569248534,-0.03198832650513328,1.0
2024-01-05,0.007348697929436376,2370816.511809804,-0.024848499037983696,1.0
2024-01-08,0.0030674713520300045,2378100.088911589,-0.02185265726457042,1.0
2024-01-09,0.006414434944197467,2393403.285431191,-0.015558228749638636,1.0
2024-01-10,-0.0014986910076264515,2389818.9999887533,-0.017032497766940602,1.0
2024-01-11,0.006734882891496152,2405968.4724452877,-0.010389983583625528,1.0
2024-01-12,-0.004434637657773521,2395322.4970227056,-0.01476882895644216,1.0
2024-01-16,-0.003927331114867982,2385933.7209338862,-0.01863056985861755,1.0
2024-01-17,-0.014307482087950518,2352040.061599287,-0.032571527587142435,1.0
2024-01-18,0.008885372830010674,2373031.9366673073,-0.023937262396809156,1.0
2024-01-19,0.004476541479308871,2383678.725179101,-0.01955808258850955,1.0
2024-01-22,0.010238104017539662,2408208.4304850064,-0.009468656085844573,1.0
2024-01-23,0.003103825345042832,2415694.7008755216,-0.006389443598689426,1.0
2024-01-24,-0.005465645988126155,2402527.3855464766,-0.01180535294586893,1.0
2024-01-25,-0.004331001789969591,2392144.535440175,-0.016075971028284286,1.0
2024-01-26,0.0028164339124456816,2398891.3489506347,-0.013300907969349574,1.0
2024-01-29,-0.003438467525853639,2390657.0038262974,-0.01668781453400281,1.0
2024-01-30,0.005055254977369916,2402772.9834245737,-0.0117043349471051,1.0
2024-01-31,-0.010130937500086645,2378553.5305327824,-0.021666150094866166,1.0
2024-02-01,0.00041251902117389605,2379534.931516377,-0.02126248551878851,1.0
2024-02-02,0.0036032753430488285,2388124.5170903476,-0.017729463362339493,1.0
2024-02-05,0.010559065984493188,2413474.481890963,-0.007302652134428822,1.0
2024-02-06,0.00535887938592694,2426442.717109934,-0.001968627347772256,1.0
2024-02-07,0.0007219941644946992,2428195.2271670564,-0.0012477943334326946,1.0
2024-02-08,-0.001549678856404224,2424435.2185197175,-0.0027943408746003984,1.0
2024-02-09,-5.183252083407197e-05,2424309.557187443,-0.002846027218174396,1.0
2024-02-12,0.0026325375523668093,2430700.051052194,-0.00021752364016303094,1.0
2024-02-13,-0.02065990521352834,2380997.21422665,-0.020661027256349884,1.0
2024-02-14,0.018351163212272148,2425094.664936914,-0.0025231009197873577,1.0
2024-02-15,0.003435631698195607,2433440.7258251295,0.0,1.0
2024-02-16,-0.0016667423162863848,2429388.185401702,-0.001665354072700298,1.0
2024-02-20,-0.012709726012802847,2398706.7167320047,-0.01427362036169888,1.0
2024-02-21,-0.0010834101978183241,2396109.340679435,-0.015340988070722816,1.0
2024-02-22,0.009705938414823478,2419479.0594385667,-0.005737417903133313,1.0
2024-02-23,0.01264963855112633,2450278.9883073773,0.0,1.0
2024-02-26,0.0025931867245843065,2456641.2649717536,0.0,1.0
2024-02-27,0.0011905118547357318,2459567.6671331306,0.0,1.0
2024-02-28,-0.0025262345879237813,2453362.0639260844,-0.0025230463426442196,1.0
2024-02-29,0.002174443582803498,2458702.565527752,-0.00035172913392012006,1.0
2024-03-01,0.00012596922312235748,2459012.3058882873,-0.00022579628617847014,1.0
2024-03-04,0.0019102612314640943,2463714.1512105456,0.0,1.0
2024-03-05,-0.008287014169460427,2443381.6812236314,-0.00825277152259074,1.0
2024-03-06,-0.0013830656565234634,2440004.6597940493,-0.009623474949334798,1.0
2024-03-07,0.003928325392334564,2449608.643492536,-0.005725302065208604,1.0
2024-03-08,-0.006766480316213741,2433089.366533337,-0.012430331928791727,1.0
2024-03-11,0.004102899482266054,2443092.5947227953,-0.008370109201839782,1.0
2024-03-12,0.01210855915893605,2472854.750713891,0.0,1.0
2024-03-13,0.0016814092507582146,2477016.1290771617,0.0,1.0
2024-03-14,-0.004468797509033617,2465971.541961568,-0.004458827290603318,1.0
2024-03-15,-0.005146636483195799,2453312.6860641465,-0.009569353519650381,1.0
2024-03-18,0.005650791944583844,2467215.0884261066,-0.003956793230372124,1.0
2024-03-19,0.007196056239575199,2485033.3406395772,0.0,1.0
2024-03-20,0.0029589659244995126,2492397.359182785,0.0,1.0
2024-03-21,0.004270152039272279,2503063.0306615243,0.0,1.0
2024-03-22,0.0005302871729035985,2504390.724878147,0.0,1.0
2024-03-25,0.0015291838548536774,2508223.3283717204,0.0,1.0
2024-03-26,-0.002946049916032756,2500844.8512633243,-0.002941714569406395,1.0
2024-03-27,0.0055524505496911125,2514769.290237987,0.0,1.0
2024-03-28,-0.004670758582838719,2503050.798419066,-0.004659867553023944,1.0
2024-04-01,-0.003192295785935162,2495073.0603280636,-0.007832221423405228,1.0
2024-04-02,-0.007782246291388795,2475731.146643107,-0.015523548719328373,1.0
2024-04-03,-0.0007248011586735714,2473937.3839786123,-0.016236839863552843,1.0
2024-04-04,-0.010005032690980187,2449308.9690677025,-0.026030348558968464,1.0
2024-04-05,-0.005199775870619483,2436606.165876583,-0.031081628308737064,1.0
2024-04-08,0.007754893553029163,2455575.243849821,-0.02353855942887073,1.0
2024-04-09,0.003817662113203113,2464967.7176625156,-0.019803634778265633,1.0
2024-04-10,-0.0030368880871058934,2457493.241883434,-0.02277586599171999,1.0
2024-04-11,0.004058255171543568,2467486.640707104,-0.01880198303455838,1.0
2024-04-12,-0.016168294555570117,2427912.3761721095,-0.03453872067033936,1.0
2024-04-15,-0.01740074230146682,2386030.344571751,-0.051193143707450206,1.0
2024-04-16,0.0024964501619946233,2391994.3917878415,-0.04882153560835256,1.0
2024-04-17,0.004313334371868649,2402334.146794794,-0.04470992384058914,1.0
2024-04-18,-0.0049400908096215446,2390495.6636215444,-0.04941750605069695,1.0
2024-04-19,-0.010108466713592001,2366453.13903056,-0.058978034996359896,1.0
2024-04-22,0.019058537311328116,2411986.798702765,-0.04087153916433239,1.0
2024-04-23,0.010797954691286193,2438172.4441501047,-0.030458796512754294,1.0
2024-04-24,0.004073685866564425,2448125.050909278,-0.026501134552347705,1.0
2024-04-25,-0.010929979590936334,2421512.794709705,-0.03708351930743381,1.0
2024-04-26,0.017557331753787153,2464403.5197516065,-0.02002798852439225,1.0
2024-04-29,-0.0018537397992242077,2459839.38852854,-0.02184291892010848,1.0
2024-04-30,-0.006801313914185592,2443166.0133707607,-0.028473099757174936,1.0
2024-05-01,0.0037017559920888843,2452226.777823343,-0.02487007959633758,1.0
2024-05-02,0.005036892677533267,2464609.5400669393,-0.019946064382828865,1.0
2024-05-03,0.010234450278621132,2489962.981829226,-0.009864248185730506,1.0
2024-05-06,0.0014186996287328668,2493497.9983575107,-0.008458546063469408,1.0
2024-05-07,0.002769507464010168,2500413.3312883917,-0.005708658446451964,1.0
2024-05-08,0.0011614214986241933,2503319.0521435044,-0.004553196247039759,1.0
2024-05-09,-0.0012432100250956424,2500208.834529314,-0.005789976744663861,1.0
2024-05-10,0.003159825525460569,2508121.553044904,-0.002643477959941909,1.0
2024-05-13,-0.005809184027651071,2493593.651860911,-0.008420509372083163,1.0
2024-05-14,0.003059819467438274,2501235.2833050224,-0.00538180857603987,1.0
2024-05-15,0.008819424523320407,2523392.3015578957,0.0,1.0
2024-05-16,0.0012302276294651193,2526498.558797226,0.0,1.0
2024-05-17,-0.0009249638690507211,2524162.719365206,-0.0009245362218340825,1.0
2024-05-20,0.0003930735974071453,2525155.0961115193,-0.0005317488430890416,1.0
2024-05-21,0.005075107740024176,2538003.105222931,0.0,1.0
2024-05-22,-0.0032933560566621445,2529658.3060643845,-0.003287938908102195,1.0
2024-05-23,-0.0036580133222132716,2520421.686418657,-0.006927264497073815,1.0
2024-05-24,0.0027546792651245156,2527374.2113693035,-0.004187896315711592,1.0
2024-05-28,-0.0016616072555701855,2523178.1950731245,-0.005841171005385504,1.0
2024-05-29,-0.01271539836764024,2491298.092804091,-0.018402267642118497,1.0
2024-05-30,-0.0008703901964439709,2489130.634771641,-0.019256268974106483,1.0
2024-05-31,0.009287137160416847,2512355.210368319,-0.010105541164166287,1.0
2024-06-03,0.00558307412162673,2526421.104655876,-0.004563430416306802,1.0
2024-06-04,-0.00025943452201371286,2525765.7488188245,-0.004821647530266371,1.0
2024-06-05,0.005512642937299805,2539727.842194954,0.0,1.0
2024-06-06,0.005474845757278413,2553670.5927742883,0.0,1.0
2024-06-07,0.0035552628941895037,2562765.7212830945,0.0,1.0
2024-06-10,0.00045066733063503506,2563920.9363590432,0.0,1.0
2024-06-11,-0.0010418157984108944,2561251.19395305,-0.001041273296743972,1.0
2024-06-12,0.01139358001512214,2590599.8902421356,0.0,1.0
2024-06-13,0.004132219111815161,2601326.964666697,0.0,1.0
2024-06-14,-0.004989517511935659,2588379.9248232455,-0.004977090546213092,1.0
2024-06-17,0.0032433895234014187,2596788.6782139507,-0.0017446043939839395,1.0
2024-06-18,0.003709457532001803,2606439.2436506525,0.0,1.0
2024-06-20,-0.0019954151188157354,2601243.5009333654,-0.0019934256015918805,1.0
2024-06-21,0.0027206609952665772,2608330.238599588,0.0,1.0
2024-06-24,-0.00019745022165951198,2607815.27405742,-0.0001974307296473965,1.0
2024-06-25,0.0038022413405620625,2617749.691659121,0.0,1.0
2024-06-26,0.0031387936336346733,2625979.1762963203,0.0,1.0
2024-06-27,0.0009090829122069266,2628367.494518463,0.0,1.0
2024-06-28,-0.005544102746291024,2613835.87469214,-0.005528762570922496,1.0
2024-07-01,0.008535432725554237,2636241.5801240243,0.0,1.0
2024-07-02,0.003559770340148649,2645642.7177282483,0.0,1.0
2024-07-03,0.0037693540077414767,2655633.9000313156,0.0,1.0
2024-07-05,-0.00012124373037192271,2655311.94058895,-0.00012123638064787112,1.0
2024-07-08,0.003284833249137087,2664048.538816648,0.0,1.0
2024-07-09,0.0022452177347771496,2670036.627608385,0.0,1.0
2024-07-10,-0.00020371911911709617,2669492.7455000714,-0.00020369836978628708,1.0
2024-07-11,0.003014909915648012,2677553.170269954,0.0,1.0
2024-07-12,0.0010845128291605555,2680458.5862295413,0.0,1.0
2024-07-15,0.0004941250553489596,2681783.395260535,0.0,1.0
2024-07-16,-0.00545865578907101,2667184.3446515696,-0.00544378439913018,1.0
2024-07-17,-0.011046796413502591,2637882.6451309477,-0.016369983574054614,1.0
2024-07-18,-0.00896062227701977,2614351.1609578934,-0.025144549116760673,1.0
2024-07-19,-0.017621269788630656,2568686.490172352,-0.04217227434850146,1.0
2024-07-22,0.019741310287633596,2619899.570646218,-0.02307562375234451,1.0
2024-07-23,0.0024710039222073377,2626381.3577236463,-0.020658654846920088,1.0
2024-07-24,-0.03805333392315635,2528316.4721635403,-0.05722569666447108,1.0
2024-07-25,-0.0002094912741421595,2527786.8674000776,-0.057423178968373345,1.0
2024-07-26,0.01812422494524668,2574018.7380677992,-0.040183952732046335,1.0
2024-07-29,-0.0031107848784364123,2566023.960963576,-0.043165094728209064,1.0
2024-07-30,-0.01044641623321585,2539357.732365976,-0.05310856318458279,1.0
2024-07-31,0.006460702438034094,2555816.878630428,-0.04697117479835444,1.0
2024-08-01,0.006855098554788164,2573397.444631731,-0.04041562447599323,1.0
2024-08-02,0.023021496250821727,2633328.1041209744,-0.01806830903092127,1.0
2024-08-05,-0.10747774653779985,2364982.774690125,-0.11813057726074583,1.0
2024-08-06,0.06678221505527926,2528314.698096516,-0.05722635818956945,1.0
2024-08-07,0.013886613868523301,2563669.338022172,-0.044043101112156924,1.0
2024-08-08,0.017806883048106556,2609729.172069971,-0.0268680249560439,1.0
2024-08-09,0.039869971619918496,2715881.0754376627,0.0,1.0
2024-08-12,0.0006747593094418808,2717714.259886234,0.0,1.0
2024-08-13,0.010378086854146408,2746065.7974138753,0.0,1.0
2024-08-14,0.01671974907195021,2792365.308000591,0.0,1.0
2024-08-15,0.011963658973819211,2825972.8479990214,0.0,1.0
2024-08-16,0.005583920519125728,2841796.9950445388,0.0,1.0
2024-08-19,0.007100578332656747,2862047.206237225,0.0,1.0
2024-08-20,-0.009030999045024626,2836316.422871936,-0.008990342056278466,1.0
2024-08-21,-0.0037771335336281185,2825623.484040819,-0.012726457522094003,1.0
2024-08-22,-0.01346559269546331,2787829.8172233715,-0.02593157403278057,1.0
2024-08-23,0.019411295940334236,2842473.8467464936,-0.006838936635313098,1.0
2024-08-26,-0.006483343439194017,2824104.7235916904,-0.01325711279773678,1.0
2024-08-27,0.004017933911103407,2835474.616171502,-0.009284469525105532,1.0
2024-08-28,-0.013940101775999266,2796222.0395444403,-0.02299932948322181,1.0
2024-08-29,0.017667442850333732,2846063.1183943166,-0.005584844235998032,1.0
2024-08-30,0.004826693923134414,2859833.399685428,-0.0007735045554009279,1.0
2024-09-03,-0.038291600456016484,2752395.9057381605,-0.03831219144817133,1.0
2024-09-04,0.0009029964437647919,2754882.4319460765,-0.037443398577635456,1.0
2024-09-05,0.005295864781181603,2769510.6170501537,-0.03233230709312107,1.0
2024-09-06,-0.0151024275073528,2727998.5393123655,-0.04683663729680232,1.0
2024-09-09,0.023464257892352514,2792765.8878936027,-0.024206909722746084,1.0
2024-09-10,0.00045558257377464884,2794038.513235712,-0.023762254114223724,1.0
2024-09-11,0.008485924514284537,2817849.398951635,-0.015442724770321714,1.0
2024-09-12,0.0007090244411460667,2819848.0315028955,-0.014744402063797235,1.0
2024-09-13,0.0018478301553823684,2825063.4488478308,-0.012922133956699167,1.0
2024-09-16,-0.0026693760589000526,2817532.3482543607,-0.01555350236217401,1.0
2024-09-17,-0.010698614757125746,2787549.329466656,-0.026029576524180587,1.0
2024-09-18,0.0037266037178405043,2797956.8013787274,-0.02239320327031158,1.0
2024-09-19,0.0033845685926539026,2807442.7219112893,-0.019078820295813648,1.0
2024-09-20,0.003541549024279167,2817403.045019418,-0.01559868094436545,1.0
2024-09-23,0.0010851533518083656,2820462.018804767,-0.014529874749036886,1.0
2024-09-24,-0.0036155965033306536,2810282.779292233,-0.018086503546196786,1.0
2024-09-25,-0.0025162510003786664,2803220.291659633,-0.02055413846752452,1.0
2024-09-26,0.00019913556624384654,2803778.5681042224,-0.020359076540043874,1.0
2024-09-27,-0.01097074847178714,2773187.1309687374,-0.031047732222877267,1.0
2024-09-30,0.003369146870139783,2782546.162834832,-0.027777684179749795,1.0
2024-10-01,-0.016079771452103042,2738161.2623484153,-0.043285779360601184,1.0
2024-10-02,0.005624076446467896,2753604.2762505016,-0.03788998649302322,1.0
2024-10-03,-0.013728197683809285,2716060.5459121945,-0.051007775136232336,1.0
2024-10-04,0.005705440742461931,2731601.1592776137,-0.045577880992085484,1.0
2024-10-07,-0.024703020948248167,2664949.00287135,-0.06886616088523667,1.0
2024-10-08,0.007340902746600264,2684584.115877512,-0.062005647556395926,1.0
2024-10-09,0.005563633558690384,2699561.7846511453,-0.05677244639151202,1.0
2024-10-10,-0.006285899210149104,2682645.8330439804,-0.06268288405665612,1.0
2024-10-11,0.002365770476457918,2688999.8704881244,-0.060462781805967536,1.0
2024-10-14,0.006370134917133896,2706183.8364376165,-0.05445869986348839,1.0
2024-10-15,-0.014128568920140694,2668218.1634532847,-0.06772391537132261,1.0
2024-10-16,0.0030810795344402564,2676451.8336128797,-0.06484706898610171,1.0
2024-10-17,0.007969474243476604,2697866.967901355,-0.05736461578204366,1.0
2024-10-18,0.00457579820900289,2710240.1497438033,-0.05304142299350978,1.0
2024-10-21,-0.0036698223164455257,2700312.2778642806,-0.05651022387767657,1.0
2024-10-22,0.0015425295363131752,2704480.803520581,-0.0550537399848825,1.0
2024-10-23,-0.013075474435066958,2669348.619440019,-0.06732893377064497,1.0
2024-10-24,0.003987020664637075,2680012.6122000692,-0.06360293206920198,1.0
2024-10-25,-0.014030815017120446,2642672.4202334047,-0.07664960435514112,1.0
2024-10-28,0.013128821723790374,2677596.3486883873,-0.06444717513633813,1.0
2024-10-29,0.0007556525403682457,2679620.4458321133,-0.06373995509492336,1.0
2024-10-30,-0.004232185595692162,2668303.758830665,-0.06769400832534733,1.0
2024-10-31,-0.018683943829953975,2618912.172920858,-0.08495144062840954,1.0
2024-11-01,0.008226492588827128,2640545.495683757,-0.07739275231755494,1.0
2024-11-04,0.012978769413225066,2675039.8899829346,-0.06534040243876749,1.0
2024-11-05,0.012035249708993945,2707429.1786717316,-0.05402357697963056,1.0
2024-11-06,0.03814468154056616,2812698.1647592,-0.017242567268100584,1.0
2024-11-07,0.008460323402569081,2836595.4476966304,-0.008892850713687617,1.0
2024-11-08,0.00036484783645907015,2837630.562226798,-0.008531181441457703,1.0
2024-11-11,-0.0016856936156397495,2832851.215893043,-0.010201086229659428,1.0
2024-11-12,0.004097610756043757,2844482.9523947244,-0.006136954626123181,1.0
2024-11-13,0.011955069530495521,2878693.0283356244,0.0,1.0
2024-11-14,0.001903545041170851,2884177.9689342887,0.0,1.0
2024-11-15,-0.025482834893701956,2811609.4901986653,-0.02516088796089022,1.0
2024-11-18,0.007504395390037111,2832788.2871366376,-0.01781779153407781,1.0
2024-11-19,-0.012422568508257292,2797815.4565125243,-0.029943544868583638,1.0
2024-11-20,-0.01056650803514625,2768407.957910002,-0.040139690501506675,1.0
2024-11-21,1.0872706638132001e-05,2768438.0581612187,-0.0401292541652124,1.0
2024-11-22,0.01720968366688691,2816494.331952732,-0.02346721932924478,1.0
2024-11-25,0.010728387725293054,2846873.443232838,-0.012934196884956672,1.0
2024-11-26,0.0033076687115656256,2856305.5479862327,-0.00966390467172007,1.0
2024-11-27,0.004398527245706774,2868896.7568485183,-0.005298290275553619,1.0
2024-11-29,0.005318198161265109,2884194.761158446,0.0,1.0
2024-12-02,0.0071251691473754875,2904818.523330389,0.0,1.0
2024-12-03,0.0033029207582098152,2914428.770936341,0.0,1.0
2024-12-04,0.0004693010857965696,2915796.8365152404,0.0,1.0
2024-12-05,0.006832884867601585,2935788.3627140583,0.0,1.0
2024-12-06,0.002852619235107934,2944175.005329617,0.0,1.0
2024-12-09,-0.006253894099380375,2925819.901896893,-0.006234379206228158,1.0
2024-12-10,0.0018235658109393427,2931160.194746808,-0.004420528860970885,1.0
2024-12-11,0.00552163521891913,2947389.757739214,0.0,1.0
2024-12-12,-0.0016348123558831418,2942575.2650140286,-0.0016334767780690207,1.0
2024-12-13,0.0012026373944511448,2946116.2448943425,-0.000432081587285027,1.0
2024-12-16,-0.004696608746487918,2932311.931674279,-0.005115653952906696,1.0
2024-12-17,-0.007098187627492258,2911571.5281212954,-0.012152525645401258,1.0
2024-12-18,-0.03445159860959768,2812971.451915685,-0.04560588075281713,1.0
2024-12-19,-0.029251149891732275,2731880.5847867024,-0.07311865435734477,1.0
2024-12-20,0.05216628941240753,2878175.3097469127,-0.023483303424855606,1.0
2024-12-23,0.014076128802610555,2918975.3558094655,-0.009640530864687524,1.0
2024-12-24,0.014770701389553942,2962410.6644400298,0.0,1.0
2024-12-26,0.0034591339538314614,2972675.783730228,0.0,1.0
2024-12-27,-0.011847041719344809,2937666.159414978,-0.011777141828537507,1.0
2024-12-30,-0.006229106043914356,2919424.0005430263,-0.01791375416002461,1.0
2024-12-31,-0.004662797592651202,2905843.0046649408,-0.022482364013953426,1.0
2025-01-02,-0.006493670262875284,2887034.552393037,-0.028809475895728243,1.0
2025-01-03,0.019865790833197394,2944961.2517354046,-0.009323092732314797,1.0
2025-01-06,0.00032202027891603535,2945909.7416873886,-0.009004023307665365,1.0
2025-01-07,-0.017207362944454907,2895652.0448503364,-0.025910575011728776,1.0
2025-01-08,0.004185671907078525,2907797.695388775,-0.021824811402756383,1.0
2025-01-10,-0.01581058530838142,2862185.241819431,-0.037168715981582445,1.0
2025-01-13,0.010674342325837749,2892900.829591877,-0.026836076296973932,1.0
2025-01-14,0.0031747377641018204,2902099.6252591885,-0.02374162660365131,1.0
2025-01-15,0.03137745147324189,2994603.798611737,0.0,1.0
2025-01-16,-0.004980039160485283,2979727.627127841,-0.004967659324680018,1.0
2025-01-17,-0.0020507910357254744,2973623.090125614,-0.007006171733252131,1.0
2025-01-21,0.017327442728656273,3025597.3641536627,0.0,1.0
2025-01-22,-0.005543417985218291,3008871.6150494977,-0.005528081595498002,1.0
2025-01-23,0.004621908610025649,3022810.5320601976,-0.0009210849158194367,1.0
2025-01-24,0.0023180226863321884,3029825.60285549,0.0,1.0
2025-01-27,-0.024091350296378877,2957705.2395350067,-0.02380347015765949,1.0
2025-01-28,0.007461970779680804,2979858.0988105936,-0.016491874647109772,1.0
2025-01-29,0.0024079894010289316,2987042.2116915653,-0.014120743822219728,1.0
2025-01-30,0.00401268138669808,2999052.3406710066,-0.01015677673179638,1.0
